Id,Label,Director
1,AMERICAN DEPOSIT AND LOAN CO.,0
2,AMERICAN DOCK AND TRUST CO.,0
3,AMERICAN EXCHANGE NATIONAL BANK,0
4,AMERICAN SAVINGS BANK,0
5,ASTOR NATIONAL BANK,0
6,ATLANTIC TRUST CO.,0
7,BANK FOR SAVINGS IN THE CITY OF NEW YORK,0
8,BANK OF AMERICA,0
9,BANK OF JAMAICA,0
10,BANK OF MONTREAL,0
11,BANK OF NEW YORK,0
12,BANK OF STATEN ISLAND,0
13,BANK OF THE MANHATTAN COMPANY,0
14,BANK OF THE METROPOLIS,0
15,BANK OF WASHINGTON HEIGHTS,0
16,BEDFORD BANK,0
17,BOWERY BANK OF NEW YORK,0
18,BOWERY SAVINGS BANK,0
19,BOWLING GREEN TRUST CO.,0
20,BREVOORT SAVINGS BANK,0
21,BROADWAY BANK OF BROOKLYN,0
22,BROADWAY SAVINGS INSTITUTION,0
23,BRONX BOROUGH BANK,0
24,BROOKLYN BANK,0
25,BROOKLYN SAVINGS BANK,0
26,BROOKLYN TRUST CO.,0
27,BUSHWICK SAVINGS BANK,0
28,CENTRAL NATIONAL BANK,0
29,CENTRAL REALTY BANK,0
30,CENTRAL TRUST CO.,0
31,CENTURY BANK,0
32,CHASE NATIONAL BANK,0
33,CHATHAM NATIONAL BANK,0
34,CHEMICAL NATIONAL BANK,0
35,CITIZENS' SAVING BANK,0
36,CITY SAVINGS BANK OF BROOKLYN,0
37,CITY TRUST CO.,0
38,COLLEGE POINT SAVINGS BANK,0
39,COLONIAL BANK,0
40,COLONIAL TRUST CO.,0
41,COLUMBIA BANK,0
42,COMMERCIAL TRUST CO. OF NEW JERSEY,0
43,CONTINENTAL TRUST CO.,0
44,CO-OPERATIVE BUILDING BANK,0
45,CORN EXCHANGE BANK,0
46,CORPORATION TRUST CO. OF DELAWARE,0
47,DIME SAVINGS BANK OF BROOKLYN,0
48,DIME SAVINGS BANK OF WILLIAMSBURGH,0
49,DOLLAR SAVINGS BANK,0
50,DRY LOCK SAVINGS INSTITUTION,0
51,EAST BROOKLYN SAVINGS BANK,0
52,EAST NEW YORK SAVINGS BANK,0
53,EAST RIVER NATIONAL BANK,0
54,EAST RIVER SAVINGS INSTITUTION,0
55,EASTERN DISTRICT SAVINGS BANK,0
56,EIGHTH WARD BANK,0
57,ELEVENTH WARD BANK,0
58,EMIGRANT INDUSTRIAL SAVINGS BANK,0
59,EMPIRE CITY SAVINGS BANK,0
60,EMPIRE STATE BANK,0
61,EXCELSIOR SAVINGS BANK,0
62,FARMERS' LOAN & TRUST CO.,0
63,FIDELITY BANK,0
64,FIFTH AVENUE BANK,0
65,FIFTH AVENUE BANK OF NEW YORK,0
66,FIFTH AVENUE TRUST CO.,0
67,FIFTH NATIONAL BANK,0
68,FIRST NATIONAL BANK OF BROOKLYN,0
69,FIRST NATIONAL BANK OF HEMPSTEAD,0
70,FIRST NATIONAL BANK OF STATEN ISLAND,0
71,FIRST NATIONAL BANK OF THE CITY OF NEW YORK,0
72,FLATBUSH TRUST CO.,0
73,FLUSHING BANK,0
74,FOURTEENTH STREET BANK,0
75,FOURTH NATIONAL BANK,0
76,FRANKLIN SAVINGS BANK,0
77,FRANKLIN TRUST CO.,0
78,GALLATIN NATIONAL BANK,0
79,GANSEVOORT BANK,0
80,GARFIELD NATIONAL BANK,0
81,GERMAN-AMERICAN BANK,0
82,GERMAN EXCHANGE BANK,0
83,GERMAN SAVINGS BANK,0
84,"GERMAN SAVINGS BANK, BROOKLYN",0
85,GERMANIA BANK,0
86,GERMANIA SAVINGS BANK,0
87,GREATER NEW YORK SAVINGS BANK,0
88,GREENPOINT SAVINGS BANK,0
89,GREENWICH BANK,0
90,GREENWICH SAVINGS BANK,0
91,GUARANTY TRUST CO. OF NEW YORK,0
92,HAMILTON BANK OF NEW YORK CITY,0
93,HAMILTON TRUST CO.,0
94,HANOVER NATIONAL BANK,0
95,HARLEM SAVINGS BANK,0
96,HIDE AND LEATHER NATIONAL BANK,0
97,HUDSON TRUST CO.,0
98,IMPORTERS' AND TRADERS' NATIONAL BANK,0
99,INSTITUTION FOR THE SAVINGS OF MERCHANTS' CLERKS,0
100,INTERNATIONAL BANKING CORPORATION,0
101,IRVING NATIONAL BANK,0
102,IRVING SAVINGS INSTITUTION,0
103,ITALIAN SAVINGS BANK,0
104,JAMAICA SAVINGS BANK,0
105,JEFFERSON BANK,0
106,KINGS COUNTY BANK,0
107,KINGS COUNTY SAVINGS INSTITUTION,0
108,KINGS COUNTY TRUST CO.,0
109,KNICKERBOCKER TRUST CO.,0
110,LEATHER MANUFACTURERS' NATIONAL BANK,0
111,LIBERTY NATIONAL BANK,0
112,LINCOLN NATIONAL BANK OF THE CITY OF NEW YORK,0
113,LONG ISLAND CITY SAVINGS BANK,0
114,LONG ISLAND LOAN AND TRUST CO.,0
115,MANHATTAN SAVINGS INSTITUTION,0
116,MANHATTAN TRUST CO.,0
117,MANUFACTURERS' NATIONAL BANK,0
118,MANUFACTURERS' TRUST CO.,0
119,MARKET AND FULTON NATIONAL BANK,0
120,MECHANICS AND TRADERS' BANK,0
121,MECHANICS' BANK,0
122,MECHANICS' NATIONAL BANK,0
123,MERCANTILE NATIONAL BANK,0
124,MERCANTILE TRUST CO.,0
125,MERCHANTS' BANK OF BROOKLYN,0
126,MERCHANTS' EXCHANGE NATIONAL BANK,0
127,MERCHANTS' NATIONAL BANK,0
128,MERCHANTS' TRUST CO.,0
129,METROPOLITAN SAVINGS BANK,0
130,METROPOLITAN TRUST CO.,0
131,MORTON TRUST CO.,0
132,MOUNT MORRIS BANK,0
133,MUTUAL BANK,0
134,MUTUAL TRUST CO. OF WESTCHESTER COUNTY,0
135,NASSAU BANK,0
136,NASSAU NATIONAL BANK,0
137,NASSAU TRUST CO.,0
138,NATIONAL BANK OF COMMERCE,0
139,NATIONAL BANK OF NORTH AMERICA,0
140,NATIONAL BROADWAY BANK,0
141,NATIONAL BUTCHERS AND DROVERS' BANK,0
142,NATIONAL CITIZENS' BANK,0
143,NATIONAL CITY BANK,0
144,NATIONAL CITY BANK OF NEW YORK,0
145,NATIONAL PARK BANK,0
146,NATIONAL SHOW AND LEATHER BANK,0
147,NEW AMSTERDAM NATIONAL BANK,0
148,NEW YORK CLEARING HOUSE ASSOCIATION,0
149,NEW YORK COUNTY NATIONAL BANK,0
150,NEW YORK LIFE INSURANCE AND TRUST CO.,0
151,NEW YORK NATIONAL EXCHANGE BANK,0
152,NEW YORK PRODUCE EXCHANGE BANK,0
153,NEW YORK SAVINGS BANK,0
154,NEW YORK SECURITY AND TRUST CO.,0
155,NEW YORK STATE MORTGAGE BANK AND SAVINGS ASSOCIATION,0
156,NINETEENTH WARD BANK,0
157,NORTH AMERICAN TRUST CO.,0
158,NORTH RIVER SAVINGS BANK,0
159,NORTH SIDE BANK OF BROOKLYN,0
160,ORIENTAL BANK,0
161,PACIFIC BANK,0
162,PEOPLE'S BANK OF BROOKLYN,0
163,PEOPLE'S BANK OF THE CITY OF NEW YORK,0
164,PEOPLE'S TRUST CO.,0
165,PHENIX NATIONAL BANK,0
166,PLAZA BANK,0
167,QUEENS COUNTY SAVINGS BANK,0
168,REAL ESTATE TRUST CO.,0
169,REAL ESTATE TRUSTS CO. OF JERSEY CITY,0
170,RICHMOND COUNTY SAVINGS BANK,0
171,RIVERSIDE BANK,0
172,SEABOARD NATIONAL BANK,0
173,SEAMEN'S BANK FOR SAVINGS,0
174,SECOND NATIONAL BANK,0
175,SECURITIES CO.,0
176,SEVENTEENTH WARD BANK,0
177,SEVENTH NATIONAL BANK,0
178,SOUTH BROOKLYN SAVINGS INSTITUTION,0
179,SPRAGUE NATIONAL BANK,0
180,STANDARD TRUST CO.,0
181,STATE BANK,0
182,STATEN ISLAND SAVINGS BANK,0
183,TITLE GUARANTEE AND TRUST CO.,0
184,TRUST COMPANY OF AMERICA,0
185,TRUST COMPANY OF THE REPUBLIC,0
186,TWELFTH WARD BANK,0
187,TWENTY-SIXTH WARD BANK,0
188,TWENTY-THIRD WARD BANK,0
189,UNION BANK OF BROOKLYN,0
190,UNION DIME SAVINGS INSTITUTION,0
191,UNION SQUARE BANK,0
192,UNION TRUST CO. OF NEW YORK,0
193,UNITED NATIONAL BANK OF NEW YORK CITY,0
194,UNITED STATES MORTGAGE AND TRUST CO.,0
195,UNITED STATES SAVINGS BANK,0
196,UNITED STATES TRUST CO.,0
197,UNIVERSAL TRUST CO.,0
198,VARICK BANK OF NEW YORK,0
199,WALLABOUT BANK,0
200,WASHINGTON BANK,0
201,WASHINGTON SAVINGS BANK,0
202,WASHINGTON TRUST CO.,0
203,WELLS FARGO & CO.'S BANK,0
204,WEST SIDE BANK,0
205,WEST SIDE SAVINGS BANK,0
206,WESTCHESTER TRUST CO.,0
207,WESTERN NATIONAL BANK,0
208,WILLIAMSBURGH SAVINGS BANK,0
209,WILLIAMSBURGH TRUST CO.,0
210,YORKVILLE BANK,0
211,GEORGE W. JENKINS,1
212,JAMES H. HYDE,1
213,CHARLES H. HAMILTON,1
214,F.W. FULLE,1
215,CHARLES B. ALEXANDER,1
216,HENRY M. ALEXANDER,1
217,WILLIAM ALEXANDER,1
218,MARCELLUS HARTLEY DODGE,1
219,LOUIS FITZGERALD,1
220,E.H. HARRIMAN,1
221,THOMAS H. HUBBARD,1
222,BRADISH JOHN JOHNSON,1
223,OTTO H. KAHN,1
224,WILLIAM H. McINTYRE,1
225,J. HENRY SMITH,1
226,V.P. SNYDER,1
227,GEORGE H. SQUIRE,1
228,G.E. TARBELL,1
229,HENRY ROGERS WINTHROP,1
230,FREDERICK H. POUCH,1
231,ALONZO B. POUCH,1
232,WILLIAM H. HASCY,1
233,EDGAR D. POUCH,1
234,WILLIAM H. POUCH,1
235,DUMONT CLARKE,1
236,E. BURNS,1
237,F.B. ANDERSON,1
238,J.S. CARR,1
239,L.L. CLARKE,1
240,SAMUEL D. BABCOCK,1
241,JOHN CLAFFIN,1
242,W. BAYARD CUTTING,1
243,WILLIAM P. DIXON,1
244,HENRY W. MAXWELL,1
245,J. ROGERS MAXWELL,1
246,SAMUEL REA,1
247,HENRY K. SHELDON,1
248,JOHN T. TERRY,1
249,L.C. WEIR,1
250,EDWARD V. LOEW,1
251,HENRY T. BRONSON,1
252,MYER HELLMAN,1
253,WILLIAM IRWIN,1
254,CLARENCE GOADBY,1
255,JAMES F. FARGO,1
256,SAMUEL HALL,1
257,CHARLES N. LEE,1
258,MOSES H. MOSES,1
259,VINCENT PISEK,1
260,RUSSELL RAYMOND,1
261,EDWARD ROWELL,1
262,DAVID H. ROWLAND,1
263,WILLIAM L. SKIDMORE,1
264,GRANVILLE B. SMITH,1
265,JOHN H. TIMMERMAN,1
266,WARNER VAN NORDEN,1
267,J.A. VAN WAGENEN,1
268,GEORGE F. BAKER,1
269,ALEXANDER H. STEVENS,1
270,GEORGE W. PANCOAST,1
271,BARKLEY WYCKOFF,1
272,JOHN JACOB ASTOR,1
273,HARRISON E. GAWTRY,1
274,"ADRIAN ISELIN, JR.",1
275,ROBERT H. McCURDY,1
276,CHARLES A. PEABODY,1
277,DOUGLAS ROBINSON,1
278,W. EMLEN ROOSEVELT,1
279,FREDERICK D. TAPPEN,1
280,L.V.F. RANDOLPH,1
281,JOHN L. RIKER,1
282,WILLIAM CARPENDER,1
283,JOHN ALVIN YOUNG,1
284,ALFRED H. SWAYNE,1
285,L.M. JONES,1
286,"BENJAMIN STRONG, JR.",1
287,FRANCIS M. BACON,1
288,D. CRAWFORD CLARK,1
289,GEORGE W. WLY,1
290,ANDREW H. GREEN,1
291,JOHN F. HALSTED,1
292,CHARLES R. HENDERSON,1
293,LOUIS J. HILL,1
294,WILLIAM H. HOLLISTER,1
295,WILLIAM B. ISHAM,1
296,W.R.T. JONES,1
297,MARTIN JOOST,1
298,LEWIS CASS LEDYARD,1
299,C.D. LEVERICH,1
300,GILBERT M. PLYMPTON,1
301,ANTON A. RAVEN,1
302,"WILLIAM SCHALL, JR.",1
303,JOHN W. SIMPSON,1
304,FRANCIS S. SMITHERS,1
305,FREDERICK STURGES,1
306,ALFRED WAGSTAFF,1
307,MERRITT TRIMBLE,1
308,JOHN. J. TUCKER,1
309,ROBERT S. HOLT,1
310,WILLIAM W. SMITH,1
311,WILLIAM G. WHITE,1
312,JAMES KNOWLES,1
313,RICHARD L. PURDY,1
314,WILLIAM L. ANDREWS,1
315,WILLIAM W. APPLETON,1
316,CHARLES T. BARNEY,1
317,GEORGE S. BOWDOIN,1
318,CHARLES S. BROWN,1
319,JOHN CROSBY BROWN,1
320,W. IRVING CLARK,1
321,HENRY W. DE FOREST,1
322,THOMAS DIMOND,1
323,"JOHN M. DODD, JR.",1
324,WILLIAM A. HOE,1
325,ALFRED M. HOYT,1
326,GEORGE M. MILLER,1
327,JOHN E. PARSONS,1
328,WILLIAM J. RIKER,1
329,CHARLES A. SHERMAN,1
330,J. EDWARD SIMMONS,1
331,FREDERIE W. STEVENS,1
332,WILLIAM TILLINGHAST,1
333,J. KENNEDY TOD,1
334,JOHN J. TUCKER,1
335,WILLIAM H. PERKINS,1
336,FREDERIC P. OLCOTT,1
337,WALTER M. BENNET,1
338,JOHN SAGE,1
339,GEORGE A. CROCKER,1
340,DAVID S. EGLESTON,1
341,GEORGE G. HAVEN,1
342,JAMES N. JARVIE,1
343,AUGUSTUS D. JUILLIARD,1
344,DALLAS B. PRATT,1
345,JOHN HARSEN RHOADES,1
346,SAMUEL THORNE,1
347,JOHN H. SUTPHIN,1
348,S.R. SMITH,1
349,WILLIAM D. LLEWLLYN,1
350,JOHN ADIKES,1
351,A.C. BEDFORD,1
352,FREDERICK L. ELDRIDGE,1
353,WILLIAM W. GILLEN,1
354,ALRICK H. MAN,1
355,CORD MAYER,1
356,GEORGE D. PRATT,1
357,BERNARD SUYDAM,1
358,A.C. VAUGHAN,1
359,A.S. WHITE,1
360,PHILLIP M. WOOD,1
361,GEORGE W. YOUNG,1
362,LORD STRATHCONA,1
363,G.A. DRUMMOND,1
364,E.S. CLOUSTON,1
365,R.B. ANGUS,1
366,A.F. GAULT,1
367,EDWARD B. GREENSHIELDS,1
368,WILLIAM C. McCDONALD,1
369,A.T. PATERSON,1
370,R.G. REID,1
371,JAMES ROSS,1
372,HERBERT L. GRIGGS,1
373,CHARLES OLNEY,1
374,GEORGE P. HALL,1
375,E.T. HULST,1
376,GUSTAV AMSINCK,1
377,DANIEL A. DAVIS,1
378,ANSON W. HARD,1
379,CHARLES D. LEVERICH,1
380,GORDON MACDONALD,1
381,WILLIAM J. MATHESON,1
382,JOHN G. McCULLOUGH,1
383,D.O. MILLS,1
384,WILLIAM A. READ,1
385,GEORGE L. RIVES,1
386,H.C. SWORDS,1
387,AUGUSTUS PRENTICE,1
388,OTTO AHLMANN,1
389,GEORGE A. WOOD,1
390,RICHARD L. FINCH,1
391,AUGUSTUS B. PRENTICE,1
392,STEPHEN BAKER,1
393,HENRY K. McHARG,1
394,D.H. PLERSON,1
395,W.E. TROTTER,1
396,HUGH D. AUCHINCLOSS,1
397,M.C.D. BORDEN,1
398,FREDERICK G. BOURNE,1
399,JOHN S. KENNEDY,1
400,R.W. PATERSON,1
401,SAMUEL SLOAN,1
402,JOHN SLOANE,1
403,JAMES TALCOTT,1
404,THEODORE ROGERS,1
405,E.C. EVANS,1
406,BENJAMIN ALTMAN,1
407,HICKS ARNOLD,1
408,CHARLES F. CHICHESTER,1
409,E.D. FAULKNER,1
410,C.H. HACKETT,1
411,JOHN S. HUYLER,1
412,HOBART J. PARK,1
413,JOSEPH PARK,1
414,JAMES STILLMAN,1
415,CHARLES L. TIFFANY,1
416,ROBERT J. HOGUET,1
417,R. BLEECKER RATHBONE,1
418,THOMAS ALEXANDER,1
419,WILLIAM CLARK,1
420,JOHN D. BEALS,1
421,J. ROMAINE BROWN,1
422,JAMES G. CANNON,1
423,ANDREW J. CONNICK,1
424,HERMAN F. EPPLE,1
425,JOHN H. FLAGER,1
426,JOHN HALLORAN,1
427,DANIEL F. MAHONY,1
428,NEWELL MARTIN,1
429,SAMUEL McMILLAN,1
430,JOHN B. McDONALD,1
431,SOL MOSES,1
432,JOHN C. RODGERS,1
433,DAVID STEWART,1
434,THEODORE F. TONE,1
435,JOHN WHALEN,1
436,EUGENE G. BLACKFORD,1
437,HOWARD M. SMITH,1
438,HENRY M. HEATH,1
439,HENRY CARSON,1
440,JACOB G. DETTMER,1
441,JULIAN D. FAIRCHILD,1
442,NELSON J. GATES,1
443,EDWARD H. HOBBS,1
444,ARTHUR R. JARRETT,1
445,WILLIAM H. LYON,1
446,CLARENCE W. SEAMANS,1
447,SAMUEL VAN WYCK,1
448,T.J. WASHBURN,1
449,JOHN S. FOSTER,1
450,M.S. PAINE,1
451,CHARLES ESSIG,1
452,J. STANLEY FOSTER,1
453,EDWARD J. DUNPHY,1
454,CHARLES F. NAETHING,1
455,W.F. NORTON,1
456,EUGENE COLEMAN SAVIDGE,1
457,CLERMONT H. WILCOX,1
458,JOHN D. HICKS,1
459,JOHN J. SINCLAIR,1
460,ROBERT B. WOODWARD,1
461,WALTER COGGESHALL,1
462,ISAAC P. MAILLER,1
463,HENRY A. SCHENCK,1
464,JOHN W. AITKEN,1
465,OCTAVIUS D. BALDWIN,1
466,HENRY C. BERLIN,1
467,CHARLES E. BIGELOW,1
468,WILLIAM V. BROKAW,1
469,JOHN W. COCHRANE,1
470,CHARLES T. COOK,1
471,JAMES W. CROMWELL,1
472,H. BLANCHARD DOMINICK,1
473,JOEL B. ERHARDT,1
474,EDWARD D. FAULKNER,1
475,ROBERT M. GALLAWAY,1
476,CHARLES GRIFFEN,1
477,CORCELLUS H. HACKETT,1
478,GEORGE E. HICKS,1
479,RICHARD M. HOE,1
480,GEORGE JEREMIAH,1
481,THOMAS B. KENT,1
482,MARK W. MCCLAY,1
483,GEORGE MCNEIR,1
484,SETH M. MILLIKEN,1
485,WILLIAM A. NASH,1
486,WILLIAM H. PARSONS,1
487,C. LAWRENCE PERKINS,1
488,ISAAC S. PLATT,1
489,GEORGE H. ROBINSON,1
490,HENRY A. ROGERS,1
491,DAVID S. TABER,1
492,CHARLES H. TENNEY,1
493,EUGENE UNDERHILL,1
494,FRANCIS T. WHITE,1
495,WASHINGTON WILSON,1
496,WILLIAM H.S. WOOD,1
497,EDWIN GOULD,1
498,SAMUEL THOMAS,1
499,WILLIAM H. TAYLOR,1
500,J.A. HILTON,1
501,WILLIAM M. LAWS,1
502,CHARLES P. ARMSTRONG,1
503,GEORGE R. BIDWELL,1
504,FRANK BRAINARD,1
505,A.H. CALEF,1
506,EDMUND C. CONVERSE,1
507,WILLIAM NELSON CROMWELL,1
508,THOMAS T. ECKERT,1
509,FRANK JAY GOULD,1
510,MYRON T. HERRICK,1
511,EDWARD R. LADEW,1
512,ANDREW LANGDON,1
513,EDWARD R. THOMAS,1
514,JOHN P. TRUESDELL,1
515,JOHN SKELTON WILLIAMS,1
516,E.F.C. YOUNG,1
517,FELIX CAMPBELL,1
518,"WILLIAM B. HURD, JR.",1
519,CHARLES COOPER,1
520,JOHN W. EVANS,1
521,LLEWELLYN A. WRAY,1
522,CHARLES W. BETTS,1
523,WALTER S. BREWSTER,1
524,FREDERICK W. CARRUTHERS,1
525,WILLIAM J. GILPIN,1
526,GRANVILLE W. HARMAN,1
527,HENRY I. HAYDEN,1
528,LOOMIS L. LANGDON,1
529,JABEZ M. LYLE,1
530,JOHN McNAMEE,1
531,THOMAS MONAHAN,1
532,ERNST NATHAN,1
533,JOHN D. SULLIVAN,1
534,DAVID H. VALENTINE,1
535,THOMAS J. WASHBURN,1
536,THOMAS L. WELLS,1
537,H. BATTERMAN,1
538,JOHN H. SCHUMANN,1
539,H.B. SCHARMANN,1
540,GEORGE F. MOGER,1
541,LOUIS BOSSERT,1
542,GEORGE H. FISHER,1
543,H.S. HOLLINGSWORTH,1
544,WILLIAM LAMB,1
545,JOHN McKEE,1
546,CHARLES MILLER,1
547,JOHN M. MOSER,1
548,CHARLES NAEHER,1
549,JOHN H. SCHEIDT,1
550,MILLARD F. SMITH,1
551,FRANCIS A. PALMER,1
552,PETER CUMMING,1
553,J. BERRE KING,1
554,HORACE F. HUTCHINSON,1
555,FRED BAKER,1
556,EUGENE BRITTON,1
557,H. MORTIMER BRUSH,1
558,WARREN A. CONOVER,1
559,FRANCIS P. FURNALD,1
560,JACOB A. GEISSENHAINER,1
561,EDWARD P. GRIFFIN,1
562,GEORGE T. HAY,1
563,JACON D.T. HERSEY,1
564,HUDSON HOAGLAND,1
565,RICHARD B. KELLY,1
566,OSCAR T. MACKEY,1
567,W.L. WELLINGTON,1
568,W.H. BIRCHALL,1
569,C.A. BECKER,1
570,M.M. CORWIN,1
571,"THOMAS BOLTON, JR.",1
572,WILLIAM H. BOLTON,1
573,WILLIAM HENDERSON,1
574,MARTIN WALTER,1
575,GEORGE W. WHITEHEAD,1
576,HENRY E. HUTCHINSON,1
577,THOMAS M. HALSEY,1
578,WILLIAM J. CARR,1
579,"W.N. COLER, JR.",1
580,MATHEW DEAN,1
581,"JOHN DITMAS, JR.",1
582,DESMOND DUNNE,1
583,WILLIAM T. GOUNDIE,1
584,CARMON R. HETFIELD,1
585,CLEMENT LOCKITT,1
586,THOMAS H. MESSENGER,1
587,FREDERICK E. PITKIN,1
588,GEORGE P. SHELDON,1
589,PERCIVAL C. SMITH,1
590,BRYAN H. SMITH,1
591,EDWARD D. WHITE,1
592,FELIX E. FLANDREAU,1
593,CHARLES C. PUTNAM,1
594,FRANK L. BABBOTT,1
595,HIRAM V.V. BRAMAN,1
596,JONATHAN BULKLEY,1
597,FRANCIS L. EAMES,1
598,RICHARD L. EDWARDS,1
599,LYMAN R. GREENE,1
600,CROWELL HADDEN,1
601,A. AUGUSTUS HEALY,1
602,CHARLES A. HOYT,1
603,JOHN F. JAMES,1
604,EDWARD H. KIDDER,1
605,DAVID G. LEGGETT,1
606,EDWARD H. LITCHFIELD,1
607,WILLIAM G. LOW,1
608,FRANK LYMAN,1
609,EDWARD MERRITT,1
610,HENRY F. NOYES,1
611,WILLIS L. OGDEN,1
612,HENRY E. PIERREPONT,1
613,WILLIAM V.R. SMITH,1
614,THEODORE F. MILLER,1
615,FREDERICK C. COLTON,1
616,STANLEY W. HUSTED,1
617,THOMAS T. BARR,1
618,S.W. BOOCOCK,1
619,GEORGE W. CHAUNCEY,1
620,WILLIAM N. DYKMAN,1
621,JOHN GIBB,1
622,FRANCIS L. HINE,1
623,CHARLES W. IDE,1
624,WILLIAM H. MALE,1
625,JOHN J. PIERREPONT,1
626,CHARLES M. PRATT,1
627,GEORGE G. REYNOLDS,1
628,CHARLES A. SCHIEREN,1
629,ALEXANDER M. WHITE,1
630,WILLIAM AUGUSTUS WHITE,1
631,C.D. WOOD,1
632,JOHN DAVIS,1
633,MOSES MAY,1
634,JOSEPH CABBLE,1
635,"C.D. BURROWS, JR.",1
636,JERE E. BROWN,1
637,RUFUS L. SCOTT,1
638,WILLIAM S. WANDEL,1
639,WILLIAM A. WELLS,1
640,EDWIN LANGDON,1
641,WILLIAM M. WOODS,1
642,CHARLES S. YOUNG,1
643,LEWIS S. LEE,1
644,JACOB S. BERNHEIMER,1
645,L.F. DOMMERICH,1
646,WOODBURY LANGDON,1
647,JOHN A. McCALL,1
648,JOHN P. MUNN,1
649,HENRY SAMPSON,1
650,HENRY TUCK,1
651,WILLIAM A. WHEELOCK,1
652,HENRY MORGENTHAU,1
653,HUGH J. GRANT,1
654,T. STALLKNECHT,1
655,ERNEST EHRMANN,1
656,W.J.B. MILLS,1
657,ANTHONY N. BRADY,1
658,MICHAEL COLEMAN,1
659,JOHN D. CRIMMINS,1
660,HENRY O. HAVEMEYER,1
661,JAMES H. POST,1
662,GEORGE SHERMAN,1
663,E.F. HYDE,1
664,B.G. MITCHELL,1
665,GEORGE BERTINE,1
666,F.L. GRANT,1
667,J.N. WALLACE,1
668,F.B. SMIDT,1
669,CORNELIUS N. BLISS,1
670,"WILLIAM ALLEN BUTLER, JR.",1
671,CHARLES LANIER,1
672,GEORGE MACCOLLOCH MILLER,1
673,JAMES SPEYER,1
674,HENRY TALMADGE,1
675,"EDMUND DWIGHT, JR.",1
676,WILBUR C. FISK,1
677,EDWARD J. CROKER,1
678,JAMES A. DEERING,1
679,FRANK T. FITZGERALD,1
680,GRANVILLE W. GARTH,1
681,GEORGE M. GILLIES,1
682,"J.A. HODGE, JR.",1
683,ISAIAH JOSEPHI,1
684,WILLIAM LUMMIS,1
685,WALTHER LUTTGEN,1
686,ANDREW PATTERSON,1
687,ISIDOR STRAUS,1
688,ARTHUR B. WESTERVELT,1
689,HENRY W. CANNON,1
690,A.B. HEPBURN,1
691,E.J. STALKER,1
692,W.O. JONES,1
693,S.H. MILLER,1
694,C.C. SLADE,1
695,H.K. TWITCHELL,1
696,OLIVER H. PAYNE,1
697,JAMES J. HILL,1
698,GRANT B. SCHLEY,1
699,JOHN I. WATERBURY,1
700,GEORGE M. HARD,1
701,H.P. DOREMUS,1
702,W.H. STRAWN,1
703,DANIEL J. CARROLL,1
704,FRANK R. LAWRENCE,1
705,G.P. MOROSINI,1
706,ADOLPH RUSCH,1
707,HENRY SHOEMAKER,1
708,DANIEL B. SMITH,1
709,SANFORD H. STEELE,1
710,JOHN D. VERMEULE,1
711,JOHN H. WASHBURN,1
712,GEORGE G. WILLIAMS,1
713,WILLIAM H. PORTER,1
714,JACOB C. PARSONS,1
715,FRANCIS HALPIN,1
716,JAMES L. PARSON,1
717,GEORGE G. DE WITT,1
718,ROBERT WALTON GOELET,1
719,FREDERIC W. STEVENS,1
720,HENRY HASLER,1
721,WILLIAM E. CLARK,1
722,CHARLES H. STEINWAY,1
723,CHARLES W. HELD,1
724,HENRY SAYLER,1
725,JOHN W. PIRSSON,1
726,BARAK G. COLES,1
727,JOHN L. DUDLEY,1
728,SIGOURNEY W. FAY,1
729,JOHN M. FUCHS,1
730,CHARLES GULDEN,1
731,JOHN C. JUHRING,1
732,PERCIVAL KUHNE,1
733,ROBERT P. LETHBRIDGE,1
734,GEORGE W. ODELL,1
735,JAMES ROWLAND,1
736,JOHN STEMME,1
737,DOUGLAS TAYLOR,1
738,DAVID C. TOWNSEND,1
739,ARTHUR W. WATSON,1
740,THOMAS H. WOOD,1
741,FREDERICK W. WURSTER,1
742,REMSEN RUSHMORE,1
743,DAVID R. MORSE,1
744,"HENRY V. RAYMOND, JR.",1
745,FREDERICK H. WEBSTER,1
746,F.O. AFFELD,1
747,WILLIAM A. AVIS,1
748,C.F. BARBER,1
749,E.G. BLACKFORD,1
750,L.J. BUSBY,1
751,DAVID F. BUTCHER,1
752,J.G. DETTMER,1
753,ISAAC HARRIS,1
754,WILLIAM H. HAZZARD,1
755,JAMES MATTHEWS,1
756,JOHN M. RIDER,1
757,N.T. SPRAGUE,1
758,FRANK SQUIER,1
759,HORATIO S. STEWART,1
760,JOHN B. SUMMERFIELD,1
761,CHARLES E. TEALE,1
762,JOHN W. WILSON,1
763,WILLIAM WILSON,1
764,STEWART L. WOODFORD,1
765,JAMES ROSS CURRAN,1
766,GEORGE R. SHELDON,1
767,ARTHUR TERRY,1
768,WALTER W. LEE,1
769,ELVERTON R. CHAPMAN,1
770,PETER DOELGER,1
771,EDWARD EYRE,1
772,CHARLES V. FORNES,1
773,WILLIAM H. GELSHENEN,1
774,WILLIAM R. GRACE,1
775,"WILLIAM HALLS, JR.",1
776,ALBERT G. JENNINGS,1
777,EUGENE KELLY,1
778,HUGH KELLY,1
779,JAMES D. LAYNG,1
780,CHARLES E. MORSE,1
781,HOSMER B. PARSONS,1
782,GEORGE W. PERKINS,1
783,FRANK H. PLATT,1
784,EDWIN WARFIELD,1
785,GEORGE L. GILLETTE,1
786,BERNHARD GREEFF,1
787,WILLIAM W. WEITLING,1
788,GEORGE W. GILLETTE,1
789,WILLIAM F. BUHL,1
790,FREDERICK GERBIG,1
791,F.W. GRELL,1
792,FRANK HUNOLD,1
793,HENRY KRAEMER,1
794,FERDINAND MARTENS,1
795,FREDERICK G. PAULY,1
796,EDWIN P. ROE,1
797,E.L. SCHILLER,1
798,A.D. SCHLESINGER,1
799,ALFRED H. SCHLESINGER,1
800,ALEXANDER WALKER,1
801,EDWIN W. ORVIS,1
802,WILLIAM C. DUNCAN,1
803,JAMES M. DONALD,1
804,R. FLEMING HANDY,1
806,JOHN J. HOPPER,1
807,AUGUSTUS W. KELLEY,1
808,JUDSON LAWSON,1
809,"GEORGE REUTER, JR.",1
810,CHARLES HERBERT SMITH,1
811,HENRY E. STEVENS,1
812,JOHN E. BORNE,1
813,RICHARD DELAFIELD,1
814,JAMES W. TAPPIN,1
815,EDMUND L. JUDSON,1
816,ARPAD S. GROSSMANN,1
817,PHILLIP S. BABCOCK,1
818,PERRY BELMONT,1
819,VERNON H. BROWN,1
820,FRANK CURTISS,1
821,L.C. DESSAR,1
822,JOHN S. DICKERSON,1
823,ANSON R. FLOWER,1
824,THEODORE W. MYERS,1
825,DANIEL O'DAY,1
826,LOWELL M. PALMER,1
827,GREORGE W. QUINTARD,1
828,GEORGE WARREN SMITH,1
829,WILLIAM T. WARDWELL,1
830,W. SEWARD WEBB,1
831,HENRY N. WHITNEY,1
832,JOSEPH FOX,1
833,WALTER S. GRIFFITH,1
834,CLEVELAND H. DODGE,1
835,SIMEON FORD,1
836,MYER S. ISAACS,1
837,MAX J. LISSAUER,1
838,LEWIS SEASONGOOD,1
839,JOHN W. HARDENBERGH,1
840,ROBERT S. ROSS,1
841,OSCAR L. GUBELMAN,1
842,WALTER E. AMMON,1
843,AUGUST BELMONT,1
844,C. LEDYARD BLAIR,1
845,WILLIAM BRINKERHOFF,1
846,JOHN D. CARSCALLEN,1
847,CORNELIUS C. CUYLER,1
848,JACOB J. DETWILLER,1
849,ROBERT M. JARVIS,1
850,WILLIAM B. JENKINS,1
851,C.H. KELSEY,1
852,GUSTAV E. KISSEL,1
853,HENRY LEMBECK,1
854,JAMES A. MACDONALD,1
855,FRANK J. MATHEWS,1
856,ALLAN L. McDERMOTT,1
857,JAMES G. MORGAN,1
858,N. THAYER ROBB,1
859,EDWIN A. STEVENS,1
860,BENJAMIN L. STOWE,1
861,EBEN B. THOMAS,1
862,MYLES TIERNEY,1
863,AUGUSTUS H. VANDERPOEL,1
864,JOHN J. VOORHEES,1
865,AUGUSTUS ZABRISKIE,1
866,OTTO T. BANNARD,1
867,WILLARD V. KING,1
868,HENRY E. AHERN,1
869,HENRY E. DABOLL,1
870,S. READING BERTRON,1
871,JAMES A. BLAIR,1
872,ROBERT W. DE FOREST,1
873,JOHN B. DENNIS,1
874,MARSHALL FIELD,1
875,WILLIAM JAY,1
876,FREDERIC B. JENNINGS,1
877,WALTER JENNINGS,1
878,HENRY S. KERR,1
879,JOHN J. MITCHELL,1
880,A. LANFEAR NORRIE,1
881,ROBERT OLYPHANT,1
882,CHARLES PARSONS,1
883,P.A. VALENTINE,1
884,MINOT C. KELLOGG,1
885,JAMES T. WOOD,1
886,JOSEPH G. ROBIN,1
887,ROBERT B. WALDO,1
888,CHARLES L. HEINS,1
889,ARTHUR H. WILLIAMS,1
890,GEORGE E. WALDO,1
891,LYMAN A. CHENEY,1
892,WIALLIAM P. RUDD,1
893,WILLIAM H. TEN EYCK,1
894,FREDERICK T. MARTIN,1
895,WILLIAM E. WILLIAMS,1
896,"WILLIAM H. BALDWIN, JR.",1
897,ALFRED C. BARNES,1
898,DAVID BINGHAM,1
899,JOHN M. BOWERS,1
900,LEONARD J. BUSBY,1
901,R.R. CABLE,1
902,HOWLAND DAVIS,1
903,M.B. FIELDING,1
904,WILLIAM F. HAVEMEYER,1
905,CLARENCE H. KELSEY,1
906,WILLIAM H. NICHOLS,1
907,WILLIAM RHINELANDER STEWART,1
908,CHARLES FRANCIS PHILLIPS,1
909,FRANK B. ROBINSON,1
910,WARREN L. SAWYER,1
911,JOSEPH G. DEANE,1
912,SILAS B. DUTCHER,1
913,J.W. HINKLEY,1
914,W.M. ROSS,1
915,WILLIAM T. WATSON,1
916,JAMES L. WOLCOTT,1
917,BENJAMIN H. HUNTINGTON,1
918,JAMES E. DEAN,1
919,J.L. MARCELLUS,1
920,R.W. BAINBRIDGE,1
921,F.A.M. BURRELL,1
922,HORACE C. DUVAL,1
923,FRANK S. JONES,1
924,JOHN E. LEECH,1
925,DAVID W. LEWIS,1
926,J.T.E. LITCHFIELD,1
927,WILLIAM McCARROLL,1
928,WILLIAM L. MOFFAT,1
929,LUDWIG NISSEN,1
930,SAMUEL ROWLAND,1
931,GEORGE H. SOUTHARD,1
932,N. TOWNSEND THAYER,1
933,JOHN TRUSLOW,1
934,WILLIAM H. WALLACE,1
935,JOHN MOLLENHAUER,1
936,JACOB F. HEALEY,1
937,WILLIAM P. STURGIS,1
938,HENRY GECKLER,1
939,C.M. LOWES,1
940,JOSEPH APPLEGATE,1
941,ELIJAH CABBLE,1
942,HORATIO G. CRAIG,1
943,FREDERICK V. DARE,1
944,ROBERT B. FERGUSON,1
945,ISAAC HICKS,1
946,H.F. MOLLENHAUER,1
947,GEORGE NICHOLS,1
948,COULSON SHEPHARD,1
949,HENRY J. VOGEL,1
950,AUGUSTUS WENZEL,1
951,JOHN HAFFEN,1
952,BRIAN G. HUGHES,1
953,HENRY W. NEUBECK,1
954,WILLIAM M. KERN,1
955,CHARLES W. BOGART,1
956,JAMES S. BRYANT,1
957,GEORGE E. EDWARDS,1
958,CHARLES P. FABER,1
959,JOHN FREES,1
960,BERNARD FRENCH,1
961,JOHN S. HANSON,1
962,JAMES M. LA COSTE,1
963,JOHN LANZER,1
964,GEORGE M. MACKELLAR,1
965,FRANK P. MOTT,1
966,ANTON RINSCHLER,1
967,JULES P. VALOIS,1
968,ANDREW MILLS,1
969,SAMUEL P. PATTERSON,1
970,DAVID J. TAFF,1
971,CHARLES MIEHLING,1
972,WILLIAM F. PATTERSON,1
973,BENJAMIN DE F. CURTISS,1
974,CHARLES T. GALLOWAY,1
975,SIDNEY W. HOPKINS,1
976,ABNER B. MILLS,1
977,CHARLES E. PELL,1
978,HENRY C. PERLEY,1
979,HENRY C. ROBINSON,1
980,JOHN A. TACKABERRY,1
981,JOHN TIEBOUT,1
982,ROBERT J. WRIGHT,1
983,FREDERICK ZITTEL,1
984,DARWIN R. JAMES,1
985,THOMAS J. ATKINS,1
986,LESTER W. BEASLEY,1
987,ALEX HUTCHINS,1
988,EUGENE F. BARNES,1
989,JAMES N. BROWN,1
990,CHARLES T. GEYER,1
991,WILLIAM A. GRAHAM,1
992,JOHN H. IRELAND,1
993,JOHN W. JAMES,1
994,R. J. OWENS,1
995,CHARLES A. PECK,1
996,STEPHEN M. RANDALL,1
997,JOHN H. ROWLAND,1
998,L.W. STOCKWELL,1
999,A.H. TOPPING,1
1000,HENRY VON GLAHN,1
1001,FREDERICK MIDDENDORF,1
1002,C. WASHINGTON COLYER,1
1003,DAVID HOPKINS,1
1004,LOUIS A. TRANBERG,1
1005,JOHN M. LINZ,1
1006,"GEORGE F. MIDDENDORF, JR.",1
1007,FRANK L. CAMM,1
1008,CLARENCE F. COLYER,1
1009,JOHN W. EARL,1
1010,FRED D. HART,1
1011,FRANK C. LANG,1
1012,JOHN W. NILES,1
1013,GEORGE W. PALMER,1
1014,RUDOLPH REIMER,1
1015,CHARLES H. WADSWORTH,1
1016,A.A. WEMMELL,1
1017,RAYMOND JENKINS,1
1018,DAVID BANKS,1
1019,ZENAS E. NEWELL,1
1020,CHARLES BANKS,1
1021,"DAVID BANKS, JR.",1
1022,JOSEPH ROGERS,1
1023,CHARLES FRAZIER,1
1024,HAMILTON R. SEARLES,1
1025,BRINKERHOFF MYERS,1
1026,CHARLES A. WHITNEY,1
1027,LOUIS W. SLOCUM,1
1028,GEORGE ABEEL,1
1029,J. WORRALL ARTHUR,1
1030,J. SINCLAIR ARMSTRONG,1
1031,WARREN C. BARBER,1
1032,CHARLES F. BASSETT,1
1033,WILLIAM G. HOOPLE,1
1034,HENRY T. NICHOLS,1
1035,CHARLES A. O'DONOHUE,1
1036,DICK S. RAMSEY,1
1037,HENRY L. SLOTE,1
1038,WILLIAM C. SMITH,1
1039,WILLIAM C. TABER,1
1040,NATHANIEL M. TERRY,1
1041,JOHN H. WAYDELL,1
1042,DANIEL W. WHITMORE,1
1043,RICHARD YOUNG,1
1044,LEWIS E. MEEKER,1
1045,J. PARKER SLOANE,1
1046,HOMER L. BARTLETT,1
1047,CHARLES L. SICARDI,1
1048,WILLIAM A. LOCKE,1
1049,JOHN BOSSERT,1
1050,CHARLES J. EDWARDS,1
1051,JAMES GASCOINE,1
1052,HENRY L. GAUS,1
1053,E.M. HENDRICKSON,1
1054,CHARLES JACOB,1
1055,PATRICK J. MENAHAN,1
1056,GEORGE E. MOULTON,1
1057,HENRY VOLLWELLER,1
1058,JOHN C. KELLEY,1
1059,FRANK JENKS,1
1060,WILLIAM J. BROWN,1
1061,TUNIS G. BERGEN,1
1062,HENRY BURN,1
1063,IRVING T. BUSH,1
1064,J.R. DONNELLY,1
1065,ALBRO J. NEWTON,1
1066,WILLIAM W. SPENCE,1
1067,HENRY STEERS,1
1068,EDWARD A. McALPIN,1
1069,GEORGE E. WEED,1
1070,CHARLES E. BROWN,1
1071,JOHN ENGLIS,1
1072,EDWIN A. McALPIN,1
1073,GEORGE L. McALPIN,1
1074,GEORGE W. QUINTARD,1
1075,WILLIAM ROWLAND,1
1076,JAMES McMAHON,1
1077,JAMES G. JOHNSON,1
1078,JOHN C. McCARTHY,1
1079,LOUIS V. O'DONOHUE,1
1080,MICHAEL E. BANNIN,1
1081,JOHN BYRNE,1
1082,FREDRICK R. COUDERT,1
1083,JOHN CRANE,1
1084,MICHAEL J. DRUMMOND,1
1085,JOHN GOOD,1
1086,JOSEPH P. GRACE,1
1087,JAMES McGOVERN,1
1088,THOMAS M. MULRY,1
1089,HERMAN RIDDER,1
1090,VINCENT P. TRAVERS,1
1091,ISAAC A. HOPPER,1
1092,GEORGE B. BROWN,1
1093,BRADLEY L. EATON,1
1094,ARTHUR T. TIMPSON,1
1095,CHARLES W. DAYTON,1
1096,SIMON ADLER,1
1097,JOHN BEAVER,1
1098,GEORGE H. BURFORD,1
1099,HENRY DIMSE,1
1100,JOHN B. JOHNSON,1
1101,JOHN H. LOOS,1
1102,WILLIAM MOORES,1
1103,GEORGE W. THOMPSON,1
1104,JOHN H. VAN TINE,1
1105,ARTHUR E. WOOD,1
1106,LEROY W. BALDWIN,1
1107,O.F. THOMAS,1
1108,WILLIAM J. ROOME,1
1109,JAMES C. GULICK,1
1110,EDWARD L. MERRIFIELD,1
1111,JOHN C. GRISWOLD,1
1112,A.L. ASHMAN,1
1113,WILLIAM H. BARRON,1
1114,JAMES H. BRESLIN,1
1115,HENRY D. BREWSTER,1
1116,ROBERT C. BROWN,1
1117,JOHN BURKE,1
1118,A.J. CAMMEYER,1
1119,GEORGE C. CURRIER,1
1120,HENRY DAZIAN,1
1121,JOHN C. GULICK,1
1122,R.J. HORNER,1
1123,JOSEPH J. LITTLE,1
1124,EDWIN S. MARSTON,1
1125,THOMAS J. BARNETT,1
1126,"SAMUEL SLOAN, JR.",1
1127,CORNELIUS R. AGNEW,1
1128,WILLIAM B. CARDOZO,1
1129,AUGUSTUS V. HEELY,1
1130,A.G. AGNEW,1
1131,WILLIAM WALDORF ASTOR,1
1132,EDWARD R. BACON,1
1133,ROBERT F. BALLANTINE,1
1134,W.S. BOGERT,1
1135,ROBERT C. BOYD,1
1136,HENRY HENTZ,1
1137,E.R. HOLDEN,1
1138,H. VAN RENSSELAER KENNEDY,1
1139,"D.H. KING, JR.",1
1140,DANIEL S. LAMONT,1
1141,FRANKLIN D. LOCKE,1
1142,STEPHEN S. PALMER,1
1143,"CHARLES A. PEABODY, JR.",1
1144,MOSES TAYLOR PYNE,1
1145,ARCHIBALD D. RUSSELL,1
1146,HENRY A.C. TAYLOR,1
1147,EDWARD H. PEASLEE,1
1148,FREDERICK FOWLER,1
1149,EWALD FLEITMANN,1
1150,THOMAS P. FOWLER,1
1151,B. AYMAR SANDS,1
1152,JACOB H. SCHRIFF,1
1153,ERIC P. SWENSON,1
1154,ALBERT P. WELLS,1
1155,FRANK A. SELLE,1
1156,I. SIMONSON,1
1157,A.G. CALDER,1
1158,ETHAN ALLEN DOTY,1
1159,CHARLES A. HULL,1
1160,THOMAS MERCHANT,1
1161,JOHN McCORMICK,1
1162,CHARLES W. TANDY,1
1163,"JAMES WEIR, JR.",1
1164,A.S. FRISSELL,1
1165,FRANK DEAN,1
1166,B.H. FANCHER,1
1167,JOHN B. DUTCHER,1
1168,"EDWARD H. PERKINS, JR.",1
1169,JAMES R. PLUM,1
1170,EDWARD A. PRICE,1
1171,RUSSELL SAGE,1
1172,CHARLES STEWART SMITH,1
1173,GARDINER WETHERBEE,1
1174,LEVI P. MORTON,1
1175,WILLIAM D. SLOANE,1
1176,CECIL D. LANDALE,1
1177,HERBERT H. SWASEY,1
1178,JAMES M. PRATT,1
1179,E.J. BERWIND,1
1180,CHAUNCEY M. DEPEW,1
1181,C.D. DICKEY,1
1182,ELBRIDGE T. GERRY,1
1183,J.C. HENDRIX,1
1184,FRANK TILFORD,1
1185,WILLIAM C. WHITNEY,1
1186,S. KELLY,1
1187,R.B. KELLY,1
1188,A. THOMPSON,1
1189,JOHN BYRNS,1
1190,JAMES EVERARD,1
1191,H.F. HUNTCHINSON,1
1192,WILLIAM N. ROBERTSON,1
1193,WILLIAM H. SEALCH,1
1194,DANIEL D. WYLIE,1
1195,JOHN G. JENKINS,1
1196,W.A. FIELD,1
1197,I. HAMBURGER,1
1198,JOHN J. COONEY,1
1199,MARSHALL S. DRIGGS,1
1200,JOSEPH HUBER,1
1201,THEODORE F. JACKSON,1
1202,FRANK JENKINS,1
1203,MORTIMER L. REYNOLDS,1
1204,JOHN W. WEBER,1
1205,CHAUNCEY BEDELL,1
1206,CARROLL F. NORTON,1
1207,THEODORE A. CARMAN,1
1208,FREDERICK INGRAHAM,1
1209,SIDNEY DILLION RIPLEY,1
1210,C.H. INGALLS,1
1211,J.F. EMMONS,1
1212,THEODORE H. SPRATT,1
1213,C.T. BARRETT,1
1214,ABRAM COLE,1
1215,"LOUIS DEJONGE, JR.",1
1216,E.A. DE LIMA,1
1217,C.C. EDDY,1
1218,KINTZING P. EMMONS,1
1219,EBERHARD FABER,1
1220,C.E. GRIFFITH,1
1221,JACOB I. HOUSMAN,1
1222,S.F. RAWSON,1
1223,F.L. RODEWALD,1
1224,JOHN WESTBROOK,1
1225,ORRIN S. WOOD,1
1226,H.C. FAHNESTOCK,1
1227,C.H. STOUT,1
1228,C.D. BACKUS,1
1229,W.G. SNOW,1
1230,H. FAHNESTOCK,1
1231,"GEORGE F. BAKER, JR.",1
1232,D. WILLIS JAMES,1
1233,WILLIAM H. MOORE,1
1234,J.P. MORGAN,1
1235,WILLIAM BROWN,1
1236,JOHN Z. LOTT,1
1237,JOHN H. DITMAS,1
1238,GUSTAVE A. JAHN,1
1239,EDMUND D. FISHER,1
1240,HENRY D. LOTT,1
1241,GEORGE M. BOARDMAN,1
1242,POMEROY BURTON,1
1243,WARREN CRUIKSHANK,1
1244,HENRY B. DAVENPORT,1
1245,EDMUND H. DRIGGS,1
1246,GEORGE M. HENDERSON,1
1247,F.W. HOLMES,1
1248,G.W. MAYNARD,1
1249,GEORGE A. NEEDHAM,1
1250,LEWIS E. PIERSON,1
1251,A.W. SCHMIDT,1
1252,ALEXANDER C. SNYDER,1
1253,WALTER L. TYLER,1
1254,JOSEPH DYKES,1
1255,E.V.W. ROSSITER,1
1256,GEORGE POPLE,1
1257,W.H.D. NIMMO,1
1258,LEON BARDENHEUER,1
1259,G. HOWLAND LEAVITT,1
1260,J. HOWARD LEVER,1
1261,ISREAL J. MERRITT,1
1262,FRED P. MORRIS,1
1263,THOMAS F. TUOHY,1
1264,D.L. VAN NOSTRAND,1
1265,"CHARLES A. WILLETS, JR.",1
1266,R. ROSS APPLETON,1
1267,GEORGE F. VAIL,1
1268,JOHN F. CARROLL,1
1269,IRVING C. GAYLORD,1
1270,LOUIS V. ENNIS,1
1271,RICHARD I. BREWSTER,1
1272,FRANK N. DOUBLEDAY,1
1273,P. HENRY DUGRO,1
1274,JOHN J. GIBBONS,1
1275,EDWARD B. JORDAN,1
1276,"F.W. KINSMAN, JR.",1
1277,CHARLES W. MORSE,1
1278,ALFRED PEATS,1
1279,FRED B. SCHENCK,1
1280,FRANK SEAMAN,1
1281,MORRIS E. STERNE,1
1282,ALBERT TURNER,1
1283,C.H. PATTERSON,1
1284,D.O. UNDERHILL,1
1285,WILLIAM S. OPDYKE,1
1286,ROBERT W. STUART,1
1287,RICHARD T. WILSON,1
1288,ARCHIBALD TURNER,1
1289,JOHN D. ROBINSON,1
1290,JOHN S. SILLS,1
1291,WILLIAM G. CONKLIN,1
1292,W.F. DEXTER,1
1293,J. EDGAR LEAYCRAFT,1
1294,JAMES VAN DYCK CARD,1
1295,JOSEPH H. CHAPMAN,1
1296,W.G. CONKLIN,1
1297,STUART DUNCAN,1
1298,WELCOME G. HITCHCOCK,1
1299,BERNARD KARSCH,1
1300,WILSON M. POWELL,1
1301,HOWARD C. SMITH,1
1302,FRANCIS C. TRAVERS,1
1303,WILLIAM H. VAN KLEECK,1
1304,CHARLES A. WALKER,1
1305,GATES D. FAHNESTOCK,1
1306,"C. HADDEN, JR.",1
1307,CLINTON W. LUDLUM,1
1308,JOSEPH E. BROWN,1
1309,GEORGE M. COLT,1
1310,HENRY C. HULBERT,1
1311,A.A. LOW,1
1312,FREDERICK W. MOSS,1
1313,WILHELMUS MYNDERSE,1
1314,GEORGE M. OLCOTT,1
1315,EDWIN PACKARD,1
1316,H.E. PIERREPONT,1
1317,GEORGE H. PRENTISS,1
1318,THOMAS E. STILLMAN,1
1319,SAMUEL WOOLVERTON,1
1320,GEORGE E. LEWIS,1
1321,HENRY I. BARBEY,1
1322,THOMAS DENNY,1
1323,T. ALBEUS ADAMS,1
1324,HAMMOND M. SHELVE,1
1325,H.F. MEEHAN,1
1326,FRANK FROMMEL,1
1327,GEORGE HOTCHKISS,1
1328,P.H. KEAHON,1
1329,C.H. KIMBALL,1
1330,J.H. KILLOUGH,1
1331,EDWARD SWANN,1
1332,W.H. GELSHENEN,1
1333,JAMES McCUTCHEON,1
1334,R.W. POOR,1
1335,W.L. DOUGLASS,1
1336,HARRY F. MORSE,1
1337,MORGAN J. O'BRIEN,1
1338,CHARLES T. WILLS,1
1339,CASIMIR TAG,1
1340,SAMUEL M. SCHAFER,1
1341,J.F. FREDERICHS,1
1342,OSCAR DRESSLER,1
1343,ANTONIO GONZALEZ,1
1344,HARMON W. HENDRICKS,1
1345,HENRY R. KUNHARDT,1
1346,ROBERT REUTTER,1
1347,HENRY ROCHOLL,1
1348,ALFRED ROELKER,1
1349,ALBERT TAG,1
1350,EDWARD N. TAILER,1
1351,FREDERICK VON BERNUTH,1
1352,CHARLES A. ZOEBISCH,1
1353,M.J. ADRIAN,1
1354,B.G. AMEND,1
1355,CHARLES L. ADRIAN,1
1356,E.F. SWANBERG,1
1357,JOSEPH M. ADRIAN,1
1358,AUKE DOOPER,1
1359,SOLOMON MEHRBACH,1
1360,S. NIEWENHOUS,1
1361,THOMAS ROTHMANN,1
1362,JOSEPH SCHAEFFLER,1
1363,GEORGE STORM,1
1364,HENRY WEILER,1
1365,JULIUS W. BRUNN,1
1366,A. KOPPEL,1
1367,G.F. AMTHOR,1
1368,ADOLPH REPPERT,1
1369,FREDERICK PFAFF,1
1370,FRITZ ACHELIS,1
1371,HUBERT CILLIS,1
1372,CARL GOEPEL,1
1373,GEORGE GUDEWILL,1
1374,ADOLF KUTTROFF,1
1375,KARL MEISSNER,1
1376,OGDEN MILLS,1
1377,MAX A. MOSLE,1
1378,EDWARD C. SCHAEFER,1
1379,HUGO SCHUMANN,1
1380,ERNEST STEIGER,1
1381,REINHARD SIEDENBURG,1
1382,WILLIAM S. TOD,1
1383,R. VAN DER EMDE,1
1384,GEORGE F. VIETOR,1
1385,C.A. ZOEBISCH,1
1386,OSCAR F. ZOLLIKOFFER,1
1387,GEORGE S. BISHOP,1
1388,WILLIAM DICK,1
1389,THEOBALD ENGELHARDT,1
1390,JOHN L. GAUS,1
1391,J.A. MOLLENHAUER,1
1392,FREDERICK ROEMMELE,1
1393,BENJAMIN W. WILSON,1
1394,WILLIAM ZECHIEL,1
1395,HENRY W. SCHMIDT,1
1396,CHARLES A. KING,1
1397,LOFTIN LOVE,1
1398,T. HENRY COOK,1
1399,LOUIS P. BACH,1
1400,BERNHARD BEINECKE,1
1401,EDWARD BENNECHE,1
1402,DANIEL BRUBACHER,1
1403,OTTO M. EIDLITZ,1
1404,ASHBEL P. FITCH,1
1405,GUSTAV L. JAEGER,1
1406,GUSTAV LINDENMEYR,1
1407,HENRY E.G. LUYTIES,1
1408,GEORGE E. MOTT,1
1409,JOHN RHEINFRANK,1
1410,AUGUSTUS KURTH,1
1411,P.H. REPPENHAGEN,1
1412,FRED KOCH,1
1413,JULIUS LECHRENKRAUSS,1
1414,HERMAN LINS,1
1415,W. RASMUS,1
1416,JOHN G. STEENKEN,1
1417,WILLIAM D. VEEDER,1
1418,CHARLES J. OBERMAYER,1
1419,VAN MATER STILWELL,1
1420,THOMAS MURPHY,1
1421,LYNN H. SHANKS,1
1422,"MILO M. BELDING, JR.",1
1423,ALLAN BOWIE,1
1424,ALEXANDER G. CALDER,1
1425,CHARLES S. DEVOY,1
1426,MICHAEL FURST,1
1427,ALBERT C. HENCKEN,1
1428,JOHN HOAGLAND,1
1429,W.J. MAXWELL,1
1430,CHARLES RUSTON,1
1431,CHANNING STEBBINS,1
1432,W.F. VANDEN HOUTEN,1
1433,TIMOTHY PERRY,1
1434,E.A. WALKER,1
1435,ADRIAN MESEROLE,1
1436,R.J. WHITTEMORE,1
1437,PETER BURDEN,1
1438,NIKOLAS DROGE,1
1439,HENRY DUCKER,1
1440,JOHN D. FELTER,1
1441,L. JURGENS,1
1442,DONALD A. MANSON,1
1443,JAMES ROLLINS,1
1444,CHARLES REYNOLDS,1
1445,EPHRAIM A. WALKER,1
1446,JOHN S. McLEAN,1
1447,WILLIAM A. HAWES,1
1448,FRANK HAMMOND,1
1449,ALBERT G. BOGERT,1
1450,E.W. DURKEE,1
1451,S.A. McLEAN,1
1452,ALFRED P. SLOAN,1
1453,PETER A. WELCH,1
1454,JOHN WILSON,1
1455,B. OGDEN CHISOLM,1
1456,JAMES QUINLAN,1
1457,J. HAMPDEN ROBB,1
1458,JOHN A. STEWART,1
1460,ALFRED L. WHITE,1
1461,LUCIUS K. WILMERDING,1
1462,WALTER G. OAKMAN,1
1463,GEORGE R. TURNBULL,1
1464,HENRY A. MURRAY,1
1465,E.C. HUBBARD,1
1466,WILLIAM C. EDWARDS,1
1467,F.C. HARRIMAN,1
1468,JOHN GAULT,1
1469,R.C. NEWTON,1
1470,FREDERIC CROMWELL,1
1471,WALTER R. GILLETTE,1
1472,R. SOMERS HAYES,1
1473,ALEXANDER E. ORR,1
1474,HENRY H. ROGERS,1
1475,H. McK. TWOMBLY,1
1476,FREDERICK W. VANDERBILT,1
1477,HARRY PAYNE WHITNEY,1
1480,FREDERICK D. IVES,1
1481,JESSE C. JOY,1
1482,CYRUS CLARK,1
1483,MARTIN D. FINK,1
1484,WILLIAM S. GRAY,1
1485,JOHN J. LAPHAM,1
1486,BERNARD LOTH,1
1487,WILLIAM A. MARTIN,1
1488,EDWIN S. SCHENCK,1
1489,JOHN J. SPERRY,1
1490,JULIUS W. TIEMANN,1
1491,LUCIEN C. WARNER,1
1492,WILLIAM BERRI,1
1493,JOSEPH B. WHITE,1
1494,GEORGE HADDEN,1
1495,LUCIUS H. BIGLOW,1
1496,EZRA D. BUSHNELL,1
1497,WILLIAM H. DAVOL,1
1498,PATRICK H. FLYNN,1
1499,JOHN R. HEGEMAN,1
1500,W.C. HUMSTONE,1
1501,JOHN C. McGUIRE,1
1502,EUGENE F. O'CONNOR,1
1503,THOMAS E. PEARSALL,1
1504,TIMOTHY L. WOODRUFF,1
1505,JAMES T. WOODWARD,1
1506,WILLIAM LOGAN,1
1507,WILLIAM I. LIGHTHIPE,1
1508,ELMER E. WHITTAKER,1
1509,ALEXANDER D. CAMBELL,1
1510,HENRY R. CARSE,1
1511,WILLIAM BARBOUR,1
1512,MARTIN S. FECHHEIMER,1
1513,EDWARD KING,1
1514,CHARLES H. MARSHALL,1
1515,BENJAMIN PERKINS,1
1516,JOHN S. PHIPPS,1
1517,WILLIAM ROCKEFELLER,1
1518,ELIJAH P. SMITH,1
1519,JAMES HENRY SMITH,1
1520,CHARLES B. TOOKER,1
1521,MICHAEL DUFF,1
1522,T. CRAWFORD,1
1523,L. HOMER HART,1
1524,JOHN J. BELL,1
1525,WILLIAM H. CALDWELL,1
1526,THOMAS CRAWFORD,1
1527,GRANVILLE F. DAILEY,1
1528,GEORGE FENNELL,1
1529,AUGUSTUS GAREISS,1
1530,ISRAEL C. JONES,1
1531,WILLIAM B. REED,1
1532,WILLIAM SOMERVILLE,1
1533,WILLIAM E. TROTTER,1
1534,RICHARD WEBBER,1
1536,THOMAS KECK,1
1537,CLARENCE FOOTE,1
1538,S.P. MENDEL,1
1539,WILLIAM J. MOFFAT,1
1540,GEORGE F. PERKINS,1
1541,G.W. BUTTS,1
1542,H.V. MEEKS,1
1543,J.H.P. REILLY,1
1544,JAMES R. FERENS,1
1545,F.W. HILLE,1
1546,WILLIAM BRAUNSTEIN,1
1547,JOHN CLAFLIN,1
1548,R.E. GALBRAITH,1
1549,WILLIAM P. HAMILTON,1
1550,G.F. SAUER,1
1551,HAMILTON V. MEEKS,1
1552,AUGUSTUS A. RICH,1
1553,E.A. STEVENS,1
1554,E. TOWNSEND,1
1555,H.H. POWELL,1
1556,G.H. HULIN,1
1557,GEORGE H. BLISH,1
1558,JOHN ARBUCKLE,1
1559,HENRY R. ICKELHEIMER,1
1561,RANDOLPH W. TOWNSEND,1
1562,EDWARD VAN VOLKENBURGH,1
1563,ANTONY WALLACH,1
1564,FRANK M. HURLBUT,1
1565,EGERTON L. WINTHROP,1
1566,WILLIAM H. ROCKWOOD,1
1567,JOHN T. WEEKS,1
1568,EUGENE DELANO,1
1569,WILLIAM GREENOUGH,1
1570,CHESTER GRISWOLD,1
1571,WILLIAM DE FOREST HAYNES,1
1572,FRANK B. KEECH,1
1573,HEWLETT SCUDDER,1
1574,CHARLES G. THOMPSON,1
1575,ISAAC TOWNSEND,1
1576,FREDERIC S. WELLS,1
1577,EDWARD F. CRAGIN,1
1578,H. HARDY,1
1579,JOHN HUBBARD,1
1580,J.B. LEE,1
1581,JAMES W. ALEXANDER,1
1582,JULES S. BACHE,1
1583,J.M. CEBALLOS,1
1584,GEORGE CROCKER,1
1585,H.C. FRICK,1
1586,ABRAM S. HEWITT,1
1587,H.E. HUNTINGTON,1
1588,JOHN B. JACKSON,1
1589,LUTHER KOUNTZE,1
1590,HENRY S. MANNING,1
1591,JOHN J. McCOOK,1
1592,H.P. McINTOSH,1
1594,A.W. PAIGE,1
1595,H.S. ROGERS,1
1596,R.A.C. SMITH,1
1597,CHARLES H. FANCHER,1
1598,CHARLES F. MATTLAGE,1
1599,SAMUEL S. CONOVER,1
1600,BENJAMIN F. WERNER,1
1601,WILLIAM H. BERNARD,1
1602,JOHN W. CASTREE,1
1603,SAMUEL CROOKS,1
1604,WILLIAM C. DEMOREST,1
1605,SAMUEL B. DOWNES,1
1606,HENRY KROGER,1
1607,DANIEL P. MORSE,1
1608,JOHN W. NIX,1
1609,CHARLES REED,1
1610,W.H.B. TOTTEN,1
1611,"HAMPDEN E. TENER, JR.",1
1612,WILLIAM ZIEGLER,1
1613,FREDERICK MEYER,1
1614,G. BYRON LATIMER,1
1615,CHARLES D. BOSCHEN,1
1616,JAMES E. CARPENTER,1
1617,W.H. DUCKWORTH,1
1618,JOHN H. DYE,1
1619,GEORGE A. ELLIS,1
1620,MARTIN GERDES,1
1621,JOHN K. LASHER,1
1622,C.W. MILLER,1
1623,JOHN O. WILLIAMS,1
1624,J.N. FRANCOLINI,1
1625,D. SALADINO,1
1626,R.M. MARASCO,1
1627,J.J. SLEVIN,1
1628,P.I. SIMONELLI,1
1629,B.J. McCANN,1
1630,JOHN E. WAYLAND,1
1631,D. ABBATE,1
1632,A.C. ASTARITA,1
1633,EDWARD COLE,1
1634,VITO CONTESSA,1
1635,P. FRANCOLINI,1
1636,L.V. FUGAZY,1
1637,J.E. MARCH,1
1638,CELESTINO PIVA,1
1639,H. SCHNEPP,1
1640,G. TUOTI,1
1641,J.E. WAYLAND,1
1642,A. ZUCCA,1
1643,A. ZUCCHI,1
1644,GEORGE L. PECK,1
1645,J. TYLER WATTS,1
1646,MARTIN S. RAPELYE,1
1647,JOHN H. BRINCKERHOFF,1
1648,JOHN E. BACKUS,1
1649,CHARLES DOWNING,1
1650,WILLET C. DURLAND,1
1651,LEANDER B. FABER,1
1652,GEORGE K. MEYNEN,1
1653,HENRY A. MONFORT,1
1654,STEPHEN RYDER,1
1655,WILLIAM A. WARNOCK,1
1656,WILLIAM L. WOOD,1
1657,HERMAN BROESEL,1
1658,MAX RADT,1
1659,S. ROGGEMANN,1
1660,MAURICE BRILL,1
1661,H.L. CAMMANN,1
1662,RUDOLPH ERBSLOH,1
1663,"SAMUEL FLECK, JR.",1
1664,ELKAN HOLZMAN,1
1665,TRENOR L. PARK,1
1666,E.A. RICHARD,1
1667,S. SILBERMAN,1
1668,SAMUEL STASBOURGER,1
1669,MOSES VALENTINE,1
1670,O.M. DENTON,1
1671,HOWARD MAXWELL,1
1672,NORMAN S. DIKE,1
1673,CHARLES R. GAY,1
1674,LEONARD MOODY,1
1675,DAVID W. STEIN,1
1676,WYCKOFF VAN DERHOEF,1
1677,RICHARD D. WYCKOFF,1
1678,JAMES S. BEARNS,1
1679,HUBERT G. TAYLOR,1
1680,WILLIAM D. CHASE,1
1681,JOSEPH A. BURR,1
1682,JACOB HENTZ,1
1683,JOHN H. BRENNEN,1
1684,J. HENRY DICK,1
1685,THEODORE E. GREEN,1
1686,ALFRED HODGES,1
1687,GEORGE P. JACOBS,1
1688,THOMAS W. KILEY,1
1689,WILLIAM S. LIPTROTT,1
1690,JOHN LOUGHRAN,1
1691,EDWARD McGARVEY,1
1692,JOHN S. McKEON,1
1693,OTTO F. STRUSE,1
1694,CHRISTOPHER W. WILSON,1
1695,WILLIAM HARKNESS,1
1696,DANIEL W. McWILLIAMS,1
1697,HERMON MORRIS,1
1698,THOMAS BLAKE,1
1699,GEORGE V. BROWER,1
1700,A. ABRAHAM,1
1701,ROSWELL ELDRIDGE,1
1703,WHITMAN W. KENYON,1
1704,JOSEPH LEIBMANN,1
1705,LEWIS LUCKENBACH,1
1706,W.M. VAN ANDEN,1
1707,THOMAS F. WHITE,1
1708,JOHN J. WILLIAMS,1
1709,JOSEPH T. BROWN,1
1710,FREDERICK GORE KING,1
1711,JULIAN M. GERARD,1
1712,WILLIAM B. RANDALL,1
1713,JOSEPH S. AUERBACH,1
1714,AMZI L. BARBER,1
1715,I. TOWNSEND BURDEN,1
1716,HENRY F. DIMOCK,1
1717,CHARLES R. FLINT,1
1718,CHARLES W. GOULD,1
1719,JACOB HAYS,1
1720,A. FOSTER HIGGINS,1
1721,HARRY B. HOLLINS,1
1722,ALFRED B. MACLAY,1
1723,JOHN MAGEE,1
1724,HARRY W. McVICKAR,1
1725,HENRY A. MORGAN,1
1726,ANDREW H. SANDS,1
1727,CHARLES F. WATSON,1
1728,NICHOLAS F. PALMER,1
1729,"WILLIAM H. MACY, JR.",1
1730,GATES W. McGARRAH,1
1731,FRANK O. ROE,1
1732,WILLIAM M. KINGSLAND,1
1733,HENRY B. STOKES,1
1734,JOHN T. WILLETS,1
1735,HENRY P. DAVISON,1
1736,HENRY C. TINKER,1
1737,CHARLES W. RIECKS,1
1738,FREDERICK P. McGLYNN,1
1739,CHARLES G. EMERY,1
1740,T.A. GILLESPIE,1
1741,HENRY GRAVES,1
1742,ARTHUR F. LUKE,1
1743,CHARLES A. MOORE,1
1744,WILLIAM RUNKLE,1
1745,CHARLES H. WARREN,1
1746,THOMAS L. JAMES,1
1747,WILLIAM A. SIMONSON,1
1748,WILLIAM T. CORNELL,1
1749,TALCOTT C. VAN SANTVOORD,1
1750,CHARLES E. WARREN,1
1751,WILLIAM F. BOGERT,1
1752,MATTHEW C.D. BORDEN,1
1753,CHARLES C. CLARKE,1
1754,JAMES H. LEWIS,1
1755,CLINTON L. ROSSITER,1
1756,FREDERICK T. ALDRIDGE,1
1757,WILLARD P. SCHNCK,1
1758,HORATIO M. ADAMS,1
1759,CLINTON D. BURDICK,1
1760,"SEYMOUR L. HUSTED, JR.",1
1761,WILLIAM M. INGRAHAM,1
1762,SETH L. KEENEY,1
1763,JOSEPH BIRD,1
1764,FRANK G. STILES,1
1765,CONSTANT M. BIRD,1
1766,GEORGE BLAGDEN,1
1767,S.J. DRAKE,1
1768,BENJAMIN GRIFFEN,1
1769,"RICHARD LATHERS, JR.",1
1770,ROBERT A. McKIM,1
1771,GEORGE H. McLEAN,1
1772,BANJAMIN PERKINS,1
1773,E.S. RAPELLO,1
1774,EDWARD H. SCHELL,1
1775,J. WALTER SPALDING,1
1776,EDWARD A. WALTON,1
1777,JAMES E. WARE,1
1778,AMOS T. FRENCH,1
1779,JOHN KEAN,1
1780,W. NORTH DUANE,1
1781,CHARLES H. SMITH,1
1782,E.A. SKINNER,1
1783,F. DWIGHT,1
1784,FRANCIS R. APPLETON,1
1785,A.J. CASSATT,1
1786,R.J. CROSS,1
1787,RUDULPH ELLIS,1
1788,JOHN HOWARD LATHAM,1
1789,EDMUND D. RANDOLPH,1
1790,JAMES O. SHELDON,1
1791,R.T. WILSON,1
1792,WILLIAM F. GARRISON,1
1793,J.T. FOUNTAIN,1
1794,ANDREW D. BAIRD,1
1795,THOMAS S. COOPER,1
1796,GEORGE L. FOX,1
1797,BERNARD GALLEGHER,1
1798,JOHN H. SHULTS,1
1799,M.B. STREETER,1
1800,WILLIAM H. VOGEL,1
1801,LUR WINTJEN,1
1802,WILLIAM J. COOMBS,1
1803,FRANK L. SNIFFEN,1
1804,WILLIAM C. NESMITH,1
1805,FRANK BAILEY,1
1806,HENRY BATTERMAN,1
1807,EDWARD T. BEDFORD,1
1808,H.V.V. BRAMAN,1
1809,E. DWIGHT CHURCH,1
1810,CHARLES O. GATES,1
1811,H.B. HAIGH,1
1812,JOHN H. HANAN,1
1813,EDWARD HINMAN,1
1814,J. ADOLPH MOLLENHAUER,1
1815,JAMES L. MORGAN,1
1816,JAMES H. OLIPHANT,1
1817,JOHN C. ORR,1
1818,ROYAL C. PEABODY,1
1819,SILAS TUTTLE,1
1820,ALEXANDER GILBERT,1
1821,ROBERT BAYLES,1
1822,THOMAS J. STEVENS,1
1823,J.H. CARR,1
1824,JOSEPH C. BALDWIN,1
1825,HENRY W. BANKS,1
1826,EUGENE  G. BLACKFORD,1
1827,WILLIAM BROOKFIELD,1
1828,FREDERICK W. DEVOE,1
1829,EDWARD J. HALL,1
1830,LEOPOLD STERN,1
1831,ALDEN S. SWAN,1
1832,LEO SCHLESINGER,1
1833,ISAAC STIEBEL,1
1834,A.M. DEDERER,1
1835,ELIAS R. PECK,1
1836,THOMAS E. CRIMMINS,1
1837,MAX DANZIGER,1
1838,JACOB EMSHEIMER,1
1839,MYER FOSTER,1
1840,EUGENE GALLAND,1
1841,BENSON H. GOODMAN,1
1842,G.B.M. HARVEY,1
1843,AARON HECHT,1
1844,JOHN P. O'BRIEN,1
1845,WILLIAM K. RYAN,1
1846,CHARLES STRAUSS,1
1847,GEORGE W. WHITE,1
1848,CHARLES E. WHEELER,1
1849,WILLIAM BAYLIS,1
1850,DANIEL CHAUNCEY,1
1851,JACOB T.E. LITCHFIELD,1
1852,JAMES RAYMOND,1
1853,DANIEL D. WHITNEY,1
1854,ANDREW A. KNOWLES,1
1855,ROBERT W. GRAFF,1
1856,WILLIAM B. BOULTON,1
1857,HORACE E. GARTH,1
1858,LOWELL LINCOLN,1
1859,EDGAR L. MARSTON,1
1861,JAMES V. LOTT,1
1862,EMIL KLEIN,1
1863,WILLIAM C. BROWNING,1
1864,COURTLAND E. HASTINGS,1
1865,YALE KNEELAND,1
1866,EMANUEL LEHMAN,1
1867,JAMES E. NICHOLS,1
1868,AUGUSTUS G. PAINE,1
1869,GEORGE H. SARGENT,1
1870,"WILLIAM SKINNER, JR.",1
1871,ISAAC WALLACH,1
1872,JAMES M. WENTZ,1
1873,RICHARD H. WILLIAMS,1
1874,JOHN T. TERRY,1
1875,HENRY C. DEMING,1
1876,ALVIN W. KRECH,1
1877,ERNEST R. ADEE,1
1878,J.D. OSTRANDER,1
1879,WILLIAM C. POILLON,1
1880,HAROLD B. THORNE,1
1881,EDWARD D. ADAMS,1
1882,H.M. ALEXANDER,1
1883,OLIVER AMES,1
1885,CHARLES H. GODFREY,1
1886,GEORGE J. GOULD,1
1887,CLEMENT A. GRISCOM,1
1888,HENRY G. MARQUAND,1
1889,JAMES McCREERY,1
1890,MORTIMER L. SCHIFF,1
1891,JAMES STOKES,1
1892,ALFRED G. VANDERBILT,1
1893,LOUIS BEER,1
1894,H.D. JOHNSON,1
1895,JOHN AUER,1
1896,JACOB BLANK,1
1897,W.V. BURROUGHS,1
1898,THOMAS F. BYRNES,1
1899,D.J. CREEM,1
1900,S. EISENBACH,1
1901,P.H. FLYNN,1
1902,S.B. KRAUS,1
1903,N. LEVY,1
1904,JACOB MEURER,1
1905,J.M. OTTO,1
1906,RICHARD SHANNON,1
1907,GEORGE STRAUB,1
1908,ERNST STUTZ,1
1909,A. VIGELIUS,1
1910,JOSEPH WAGNER,1
1911,JACOB WILLMAN,1
1912,PHINEAS C. LOUNSBURY,1
1913,ALLEN S. APGAR,1
1914,EDWARD V. GAMBIER,1
1915,LYMAN BROWN,1
1916,GILBERT H. JOHNSON,1
1917,JAMES G. POWERS,1
1918,EDWARD W. SCOTT,1
1919,JOSEPH THOMPSON,1
1920,ELBERT A. BRINCKERHOFF,1
1921,WILLIAM B.T. KEYSER,1
1922,SAMUEL S. CAMPBELL,1
1924,ORRIS K. ELDREDGE,1
1925,EDWARD HOLBROOK,1
1926,DONALD MACKAY,1
1927,GUSTAV H. SCHWAB,1
1928,JAMES E. REYNOLDS,1
1929,JOHN B. GRANT,1
1930,F.P. DAVIS,1
1931,LEO H. McCALL,1
1932,C.L. BAUSHER,1
1933,GEORGE C. CLARKE,1
1934,HENRY D. COOPER,1
1935,G.E. FISHER,1
1936,JOHN U. FRALEY,1
1937,E. HAWLEY,1
1938,CHARLES W. JONES,1
1939,JOSEPH R. QUINBY,1
1940,FRANK C. TRAVERS,1
1941,JONATHAN B. CURREY,1
1942,AUGUSTUS S. HUTCHINS,1
1943,WILLIAM SHERER,1
1944,EDWARD SHERER,1
1945,CHARLES H. ADAMS,1
1946,ROBERT D. ANDREWS,1
1947,CHARLES P. EMMONS,1
1948,WALDO HUTCHINS,1
1949,GROVE P. MITCHELL,1
1950,WILLIS S. PAINE,1
1951,AUGUSTUS H. SANDS,1
1952,AUGUSTUS K. SLOAN,1
1953,JOHN S. SPENCER,1
1954,"EDWARD H. SWAN, JR.",1
1955,JAMES TURNER,1
1956,BRAYTON IVES,1
1957,BEVERLY CHEW,1
1958,"ALEXANDER S. WEBB, JR.",1
1959,BERTRAM CRUGER,1
1960,HEBER R. BISHOP,1
1961,WILLIAM L. BULL,1
1962,ALBERT C. CASE,1
1963,HALEY FISKE,1
1964,ROBERT HOE,1
1965,MORRIS K. JESUP,1
1966,BRADLEY MARTIN,1
1967,RICHARD MORTIMER,1
1968,DUDLEY OLCOTT,1
1969,H.C. PERKINS,1
1970,NORMAN B. REAM,1
1971,WILLIAM H. TILLINGHAST,1
1972,GEORGE HENRY WARREN,1
1973,THOMAS F. RYAN,1
1974,JAMES K. CORBIERE,1
1975,H.M. FRANCIS,1
1976,EUGENE E. VARET,1
1977,G.L. WILLMERDING,1
1978,CHARLES A. CONANT,1
1979,H.B. BERRY,1
1980,JAMES B. DUKE,1
1981,HENRY M. FLAGLER,1
1982,WALTER S. JOHNSTON,1
1983,JOSEPH LAROCQUE,1
1985,GEORGE FOSTER PEABODY,1
1986,ELIHU ROOT,1
1987,LOUIS M. SCHWAN,1
1988,F.W. LIVERMORE,1
1989,ALBERT H. WIGGIN,1
1990,LINDLEY H. HILL,1
1991,FREDERICK M. SPENCER,1
1992,WILLIAM H. CROCKER,1
1993,WILLIAM MORTON GRINNELL,1
1994,EDMOND H. HAMILTON,1
1995,GEORGE S. HART,1
1996,EDWARD C. HOYT,1
1997,EDWARD H. LANDON,1
1998,FREDERICK W. LIVERMORE,1
1999,JOHN McQUADE,1
2000,THOMAS H. NEWMAN,1
2001,W. ROCKHILL POTTS,1
2002,AARON S. THOMAS,1
2003,THOMAS L. WATT,1
2004,JAMES McCLENAHAN,1
2005,GEORGE WILEY,1
2006,WALTER WESTERVELT,1
2007,WILLIAM B. KRUG,1
2008,THOMAS J. BRADY,1
2009,AARON BUCHSBAUM,1
2010,JAMES BUTLER,1
2011,ROBERT GORDON,1
2012,A.P.W. KINNAN,1
2013,EUGENE C. LUDIN,1
2014,C.W. LUYSTER,1
2016,WILIAM G. McCREA,1
2017,STEPHEN McPARTLAND,1
2018,"WILLIAM SPERB, JR.",1
2019,JAMES THOMSON,1
2020,RICHARD S. TREACEY,1
2021,WILLIAM VON TWISTERN,1
2022,JOHN P. WINDOLPH,1
2023,GEORGE R. READ,1
2024,WHITELAW REID,1
2025,F.G. INGERSOLL,1
2026,JOHN LEONARD,1
2027,W.B. DICKERMAN,1
2028,JOHN I. DOWNEY,1
2029,R.P. LOUNSBERY,1
2030,D. PERCY MORGAN,1
2031,JEROME ALVORD PECK,1
2032,J.J. RIKER,1
2033,WILLIAM H. RUSSELL,1
2034,JOHN RYAN,1
2035,WILLIAM SALOMON,1
2036,JOHN W. STERLING,1
2037,J. MAYHEW WAINWRIGHT,1
2038,FRANK H. RICHARDSON,1
2039,JAMES C. BELL,1
2040,WILLIAM H. ROGERS,1
2041,EDWARD EARL,1
2042,JOHN P. HUGGINS,1
2043,CHARLES H. KERNER,1
2044,HENRY C. MILLER,1
2045,SAMUEL R. WEED,1
2046,EDGAR McDONALD,1
2047,J.W. SEAMAN,1
2048,DABIEL V.B. HEGEMAN,1
2049,CARLL H. DE SILVER,1
2050,BENJAMIN T. FROTHINGHAM,1
2051,JAMES H. TAYLOR,1
2052,ANDREW T. SULLIVAN,1
2053,H.F. BURNS,1
2054,FRANCIS WEEKES,1
2055,A.D. BAIRD,1
2056,HERBERT F. GUNNISON,1
2057,WILLIAM E. HORWILL,1
2058,EDWARD T. HULST,1
2059,DITMAS JEWELL,1
2061,F.D. MOLLENHAUER,1
2062,JOST MOLLER,1
2063,HENRY ROTH,1
2064,CHARLES H. RUSSELL,1
2065,HENRY SEIBERT,1
2066,JAMES A. SPERRY,1
2067,EZRA B. TUTTLE,1
2068,F.W. WURSTER,1
2069,WILLIAM C. DUVALL,1
2070,NEILSON OLCOTT,1
2071,H.B. FONDA,1
2072,J.S. ALEXANDER,1
2073,"HENRY CHAPIN, JR.",1
2074,ALFRED H. CURTIS,1
2075,J. FREDERICK SWEASY,1
2076,HENRY BUDGE,1
2077,HENRY H. COOK,1
2078,DAVID H. HOUGHTALING,1
2079,LEONARD LEWISOHN,1
2080,FRANK K. STURGIS,1
2081,MAHLON D. THATCHER,1
2082,ROBERT M. THOMPSON,1
2083,OAKLEIGH THORNE,1
2084,W.M. VAN NORDEN,1
2085,MILES M. O'BRIEN,1
2086,CHARLES J. DAY,1
2087,WILLIAM BALLIN,1
2088,EAGENE BRITTON,1
2089,ANDERSON FOWLER,1
2090,WILLIAM B. PUTNEY,1
2091,ABRAHAM STERN,1
2092,GURDON G. BRINKERHOFF,1
2093,WILLIAM H. CHASE,1
2094,E.G. TUCKER,1
2095,ADOLPH D. BENDHELM,1
2096,HENRY A. CAESAR,1
2097,HENRY HOFHEIMER,1
2098,MARCUS M. MARKS,1
2099,NELSON A. REYNOLDS,1
2100,ALBION K. CHAPMAN,1
2101,"FRANCIS M. BACON, JR.",1
2102,PEARSON HALSTEAD,1
2103,ROBERT B. HIRSCH,1
2104,JACQUES HUBER,1
2105,ARTHUR L. LESHER,1
2106,AUGUSTUS F. LIBBY,1
2107,ELKAN NAUMBURG,1
2108,"EMIL SEYD, JR.",1
2109,FREDERICK SOUHACK,1
2110,CHARLES T. YOUNG,1
2111,HENRY M. WELLS,1
2112,D.J. EVANS,1
2113,JOHN L. HEINS,1
2114,"S.L. HUSTED, JR.",1
2115,WALTER LONGMAN,1
2116,DAVID F. MANNING,1
2117,DAVID B. POWELL,1
2118,W.D. SARGENT,1
2119,A.G. LOOMIS,1
2120,G.S. WHITSON,1
2122,FRANK A. VANDERLIP,1
2123,H.M. KILBORN,1
2124,W.H. TAPPAN,1
2125,A. KAVANAGH,1
2126,JAMES A. STILLMAN,1
2127,C. JANSSEN,1
2128,ROBERT BACON,1
2129,CHARLES S. FAIRCHILD,1
2130,"JOHN D. ROCKEFELLER, JR.",1
2131,STUYVESANT FISH,1
2132,GILBERT G. THORNE,1
2133,GEORGE S. HICKOK,1
2134,EDWARD J. BALDWIN,1
2135,FREDERICK O. FOXCROFT,1
2136,JOSEPH T. MOORE,1
2137,CHARLES SCRIBNER,1
2138,CHARLES STERNBACH,1
2139,CORNELIUS VANDERBILT,1
2141,JOHN M. CRANE,1
2142,JOHN A. HILTNER,1
2143,JOHN I. COLE,1
2144,G.B. SAYRES,1
2145,WILLIAM C. HORN,1
2146,CORNELIUS B. MITCHELL,1
2147,THOMAS RUSSELL,1
2148,NEWTON E. STOUT,1
2149,JOSEPH S. STOUT,1
2150,ROBERT H. SWAYZE,1
2151,R.R. MOORE,1
2152,G.J. BAUMANN,1
2153,JOHN G. HEMERICH,1
2154,JOSEPH J. KITTEL,1
2155,R.V. LEWIS,1
2156,FRANK W. SANGER,1
2157,LOUIS STERN,1
2158,GEORGE J. SMITH,1
2159,FRANCIS L. LELAND,1
2160,WILLIAM H. JENNISON,1
2161,C.G. DALE,1
2162,S.F. JAYNE,1
2163,CHARLES B. WEBSTER,1
2164,HENRY PARISH,1
2165,WALTER KERR,1
2166,"HENRY PARISH, JR.",1
2167,G.M. CORNING,1
2168,Z.W. VAN ZELM,1
2169,EDMUND L. BAYLIES,1
2170,JOHN L. CADWALADER,1
2171,JOSEPH H. CHOATE,1
2172,WILLIAM E. DODGE,1
2173,C. O'D. ISELIN,1
2174,HENRY LEWIS MORRIS,1
2175,JOHN McL. NASH,1
2176,WILLIAM C. SCHERMERHORN,1
2177,PHILLIP SCHUYLER,1
2178,RUTHERFURD STUYVESANT,1
2179,C. VANDERBLIT,1
2180,FRANK S. HYATT,1
2181,ROLLIN P. GRANT,1
2182,LEE KOHNS,1
2183,ROBERT H. McCUTCHEON,1
2184,WILLIAM J. MERRALL,1
2185,JOHN H. SEED,1
2186,WILLIAM WILLS,1
2187,FORREST H. PARKER,1
2188,WILLIAM A. SHERMAN,1
2189,A.H. ALDEN,1
2190,ALEXANDER MUNN,1
2191,A.S. ROE,1
2192,JOHN E. WEEKS,1
2193,E.S. WHITMAN,1
2194,EDWARD M. VOORHEES,1
2195,ARCHIBALD M. PENTZ,1
2196,WILLIAM FELSINGER,1
2197,C.W. BRINCKERHOFF,1
2198,RUFUS H. WOOD,1
2199,JOHN WEBBER,1
2200,EIBE D. CORDTS,1
2201,DANIEL HOFFMAN,1
2202,FREDERICK HUGHSON,1
2203,W.H. JACKSON,1
2204,JAMES L. WANDLING,1
2205,"JOHN WEBBER, JR.",1
2206,BENJAMIN A. WILLIAMS,1
2207,OSBORN W. BRIGHT,1
2208,L. CARROLL ROOT,1
2209,ZELAH VAN LOAN,1
2210,"CHARLES R. BRAINE, JR.",1
2211,JAMES E. KEELER,1
2212,H.W. WHIPPLE,1
2213,WILLIAM F. BUCKLEY,1
2214,FREDERIC R. COUDERT,1
2215,ABRAM M. HYATT,1
2216,STUART G. NELSON,1
2217,CHARLES M. SCHWAB,1
2218,FRANK W. STEARNS,1
2219,L.H. BELLAMY,1
2220,ALBERT SCHIFFERS,1
2221,L.B. FOLEY,1
2222,A.L. ANGLE,1
2223,J.B. SABINE,1
2224,H.A. BELLAMY,1
2225,H.I. FOLEY,1
2226,K.B. FOSTER,1
2227,F.A. HARTUNG,1
2228,E. NICHOLS,1
2229,J.W. PALMER,1
2230,H.L. STORKE,1
2231,"PETER DOELGER, JR.",1
2232,LOUIS H. HOLLOWAY,1
2233,CHARLES P. DOELGER,1
2234,THOMAS J. DUNN,1
2235,WILLIAM FOSTER,1
2236,FRITZ HANDRICH,1
2237,JOHN J. HARRINGTON,1
2238,CHARLES PALM,1
2239,R.C. RATHBONE,1
2240,JOHN RIEFE,1
2241,HARRY S. ROTHSCHILD,1
2242,JOHN SLATTERLY,1
2243,JOHN A. STRALEY,1
2244,WILLIAM H. CHESEBROUGH,1
2245,RICHARD J. SCOLES,1
2246,E.C. LOCKWOOD,1
2247,D.S. SCUDIER,1
2248,HORACE E. ANDREWS,1
2249,H.S. BLACK,1
2250,HEMAN DOWD,1
2252,JOHN HONE,1
2253,JAMES JOURDAN,1
2254,JAMES S. KUHN,1
2255,CHARLTON T. LEWIS,1
2256,ALLAN McCULLOH,1
2257,E.C. POTTER,1
2258,E.W. SCOTT,1
2259,HENRY F. SHOEMAKER,1
2260,WAGER SWAYNE,1
2261,EDWIN THORNE,1
2262,JOHN C. TOMLINSON,1
2263,SAMUEL D. STYLES,1
2264,ADOLPHO H. FISCHER,1
2265,JOHN H. SELMES,1
2266,IRVING M. SHAW,1
2267,ALEXANDER C. MILNE,1
2268,HOBART CLEVELAND,1
2269,HENRY DE PEYSTER,1
2270,JAMES W. ELGAR,1
2271,HARVEY E. FISK,1
2272,RICHARD V. LEWIS,1
2273,RANALD H. MACDONALD,1
2274,BENJAMIN F. MILLS,1
2275,EDWARD A. NEWELL,1
2276,CHARLES ROHE,1
2277,NOEL B. SANBORN,1
2278,ELDRIDGE G. SNOW,1
2279,THOMAS STOKES,1
2280,CHRISTIAN F. TIETJEN,1
2281,PAUL E. BONNER,1
2282,DANIEL CANTY,1
2283,EUGENE DOHERTY,1
2284,CLAUS DOSCHER,1
2285,CULVER FERGUSON,1
2286,JOHN H. FORT,1
2287,JOSEPH E. HINDS,1
2288,JAMES D. LEARY,1
2289,MENDEL LEVY,1
2290,ERNEST OCHS,1
2291,ISAAC SCHEUER,1
2292,CORNELIUS H. TIEBOUT,1
2293,PAUL WEIDMANN,1
2294,HART B. BRUNDRETT,1
2295,OLIN G. WALBRIDGE,1
2296,S.C. MERWIN,1
2297,F.W. LUYTIES,1
2298,JOHN S. BROWNING,1
2299,JNO. F. DEGENER,1
2300,GEORGE A. HEARN,1
2301,H.W. HOOPS,1
2302,THOMAS B. KERR,1
2303,GEORGE LEGG,1
2304,ALEXANDER D. NAPIER,1
2305,GEORGE W. SPENCE,1
2306,CHARLES G. BENNETT,1
2307,RUDOLPH BURKHARDT,1
2308,H. BERNARD COOMBE,1
2309,CHARLES S. CUTTER,1
2310,JOEL B. GOODMAN,1
2311,LOUIS GRAF,1
2312,CHRISTIAN HUNKEN,1
2313,NATHAN H. LEVI,1
2314,P.J. MENAHAN,1
2315,JOHN RUEGER,1
2316,HENRY L. SCHELLING,1
2317,GEORGE W. SHELLAS,1
2318,JOHN WELZ,1
2319,FRANK E. WILSON,1
2320,GEORGE H. WOODWORTH,1
2321,SCOTT FOSTER,1
2322,ADOLPH WIMPFHEIMER,1
2323,WILLIAM MILNE,1
2324,GEORGE A. ZABRISKIE,1
2325,THEODORE W. MORRIS,1
2326,STEVENSON TAYLOR,1
2327,THOMAS WILLIAMS,1
2328,HORACE J. MORSE,1
2329,EDWARD JOHNSON,1
2330,CHARLES A. BOODY,1
2331,ISIDORE M. BON,1
2332,DAVID A. BOODY,1
2333,AMORY S. CARHART,1
2334,WILLIAM M. COLE,1
2335,WILLIAM B. DAVENPORT,1
2336,WILLIAM B. HILL,1
2337,SOLOMON W. JOHNSON,1
2338,ROBERT J. KIMBALL,1
2339,HERBERT L. PRATT,1
2340,HOWARD W. SMITH,1
2341,GEORGE P. TANGEMAN,1
2342,FREDERIC A. WARD,1
2343,DUNCAN D. PARMLY,1
2344,GEORGE M. COFFIN,1
2345,ALFRED M. BULL,1
2346,PIERSON G. DODD,1
2347,DANIEL BACON,1
2348,HENRY S. DESHON,1
2349,W.H.H. MOORE,1
2350,GEORGE L. NICHOLAS,1
2351,RICHARD M. PARMELY,1
2352,HENRY K. POMROY,1
2353,JOHN H. POOL,1
2355,JONATHAN THORNE,1
2356,WILLIAM M. MILLS,1
2357,A. NEWBOLD MORRIS,1
2358,CHARLES W. PARSON,1
2359,E.M. CLARKE,1
2360,E.H. COOK,1
2361,GEORGE B. WHEELER,1
2362,B. BEINECKE,1
2363,HENRY CARPENTER,1
2364,FRANK A. COLLINS,1
2365,WILLIAM T. JAMES,1
2366,L.M. FRANKLIN,1
2367,HENRY L. BOGERT,1
2368,M.D. GOULD,1
2369,JOHN HEPBURN,1
2370,GEORGE LEWIS,1
2371,THEODORE F. SMITH,1
2372,WILLIAM H. VAN SICLEN,1
2373,JOHN H. WILSON,1
2374,HENRY C. SWORDS,1
2375,H.H. CAMMANN,1
2376,HENRY W. REIGHLEY,1
2377,LANSDALE BOARDMAN,1
2378,CHERLES C. BURKE,1
2379,PERCY CHUBB,1
2380,EDWIN A. CRUIKSHANK,1
2381,HORACE S. ELY,1
2382,JOEL FRANCIS FREEMAN,1
2383,ROBERT GOELET,1
2384,FRANKLIN B. LORD,1
2385,JAMES I. RAYMOND,1
2386,J. ROOSEVELT ROOSEVELT,1
2387,CHARLES A. SCHERMERHORN,1
2388,LISPENARD STEWART,1
2389,JAMES M. VARNUM,1
2390,FRANK S. WITHERBEE,1
2391,FRANK STEVENS,1
2392,FRANK H. HALL,1
2393,M.F. CARROLL,1
2394,DANIEL E. CLEARY,1
2395,CHARLES D. THOMPSON,1
2396,WILLIAM G.E. SEE,1
2397,CHARLES W. HUNT,1
2398,GEORGE H. TREDWELL,1
2399,CHARLES E. GRIFFITH,1
2400,EDWARD D. CLARK,1
2401,HERBERT CRABTREE,1
2402,W.J. DAVIDSON,1
2403,RICHARD L.H. FITCH,1
2404,GEORGE M. MATTHIUS,1
2405,AZEL F. MERRILL,1
2406,HENRY P. MORRISON,1
2407,BENEDICT PARKER,1
2408,JOHN F. SMITH,1
2409,J.A. SNYDER,1
2410,FRANK W. TOMPKINS,1
2411,H.C. COPELAND,1
2412,JOHN J. CLANCY,1
2413,H.H. BIZALLION,1
2414,MAX AMS,1
2415,JOHN V.B. CLARKSON,1
2416,A.F. HOLLY,1
2417,GEORGE W. PLUNKITT,1
2418,JOHN REISENWEBER,1
2419,DANIEL SEYMOUR,1
2420,CHARLES N. TAINTOR,1
2421,SAMUEL G. BAYNE,1
2422,S.G. NELSON,1
2423,J.F. THOMPSON,1
2424,C.C. THOMPSON,1
2425,EDWARD C. BODMAN,1
2426,T. WISTAR BROWN,1
2427,LUCIUS A. COLE,1
2428,FRANCIS V. GREENE,1
2429,FRANKLIN QUINBY,1
2430,WILLIAM A. ROSS,1
2431,JOSEPH SEEP,1
2432,WILLIAM C. STURGES,1
2433,WILLIAM H. PHILLIPS,1
2434,GEORGE M. HALSEY,1
2435,D. BARNES,1
2436,GEORGE BELL,1
2437,WILLISTON H. BENEDICT,1
2438,FREDERICK A. BOOTH,1
2439,GEORGE F. CRANE,1
2440,WILLIAM N. CRANE,1
2441,GEORGE H. MACY,1
2442,FREDERICK T. SHERMAN,1
2443,WILLIAM E. STIGER,1
2444,PERRY P. WILLIAMS,1
2445,ROBERT A. PARKER,1
2446,J.S. CASE,1
2447,WILLIAM PABST,1
2448,H.B. DOMINICK,1
2449,ISAAC STERN,1
2450,N.S. MELDRUM,1
2451,ANDREW J. MILLER,1
2452,EDWIN G. WOODLING,1
2453,BENJAMIN GRAHAM,1
2454,W.W. MILLER,1
2455,CHARLES M. PRESTON,1
2456,ALEXANDER C. ROBINSON,1
2457,JAMES TIMPSON,1
2458,G. HENRY WHITCOMB,1
2459,CHARLES H. REYNOLDS,1
2460,WALTER WILMURT,1
2461,WILLIAM F. CORWITH,1
2462,JOHN FALLON,1
2463,HENRY C. FISCHER,1
2464,JAMES MACFARLANE,1
2465,JULIUS MANHEIM,1
2466,WILLIAM G. MILLER,1
2467,WILLIAM NASON,1
2468,JOHN O'BRIEN,1
2469,J.S. OGLIVIE,1
2470,W.H. PORT,1
2471,E.C. SMITH,1
2472,E.G. STACHE,1
2473,W.H. STURGIS,1
2474,JOHN TROUNSTINE,1
2475,JEREMIAH WALSH,1
2476,"R.W. JONES, JR.",1
2477,GEORGE W. ADAMS,1
2478,WILLIAM F. CARLTON,1
2479,CRAWFORD FAIRBANKS,1
2480,ERSKINE HEWITT,1
2481,CHARLES E. LEVY,1
2482,ALEXANDER McDONALD,1
2483,CLARENCE S. DUNNING,1
2484,HENRY S. ANDERSON,1
2485,CHARLES A. DENNY,1
2486,HENRY D. ATWATER,1
2487,WALTER M. AIKMAN,1
2488,"JOHN F. ANDERSON, JR.",1
2489,JAMES C. ATWATER,1
2490,THOMAS O. CALLENDER,1
2491,ISAAC H. CARY,1
2492,STURGIS COFFIN,1
2493,JAMES R. COWING,1
2494,J. WARREN GREENE,1
2495,D.A. BOODY,1
2496,JAMES M. DOREMUS,1
2497,C.F. BROOKS,1
2498,JOHN CONDON,1
2499,THEOPHILIUS OLENA,1
2500,JOHN SCHLEGEL,1
2501,J.F. SCHMADEKE,1
2502,"F.G. SMITH, JR.",1
2503,JOHN L. SPENCE,1
2504,WILLIAM C. LANE,1
2505,LOUIS L. STANTON,1
2506,WILLIAM C. COX,1
2507,EDWARD M.F. MILLER,1
2508,JOHN T. ATTERBURY,1
2509,PAUL D. CRAVATH,1
2510,ALEXANDER H. DE HAVEN,1
2511,SAMUEL M. FELTON,1
2512,PLINY FISK,1
2513,WILLIAM D. GUTHRIE,1
2514,GARDINER M. LANE,1
2515,HENRY W. PUTNAM,1
2516,HENRY SANFORD,1
2517,CHARLES F. SMILLIE,1
2518,SAMUEL SPENCER,1
2519,JOHN A. SPOOR,1
2520,HENRY L. SPRAGUE,1
2521,IRVING A. STEARNS,1
2522,CHARLES STEELE,1
2523,NATHANIEL THAYER,1
2524,FREDERICK P. VOORHEES,1
2526,FREDERICK S. WINSTON,1
2527,OSCAR L. RICHARD,1
2528,ARNOLD KOHN,1
2529,ALBERT I. VOORHIS,1
2530,LUCIUS N. LITTAUER,1
2531,JULIUS J. LYONS,1
2532,EDWIN H. RICHARD,1
2533,JACOB C. SIMON,1
2534,ELIAS SPINGARN,1
2535,CHARLES F. ZENTGRAF,1
2536,WILLIAM H. CLARK,1
2537,ULRICH W. BECKER,1
2538,H.C. HAGEDORN,1
2539,PATRICK BRADY,1
2540,E.C. BRIDGMAN,1
2541,WILLIAM BRYAN,1
2542,GEORGE H. DALEY,1
2543,WILLIAM HORRMANN,1
2544,GEORGE H. KENDAL,1
2545,OTTO LINDEMANN,1
2546,EDUARD C. MEURER,1
2547,J.B. PEARSON,1
2548,FORREST B. ROYAL,1
2549,FEDOR SCHMIDT,1
2550,CARL SCHUMANN,1
2551,WILLY SONNTAG,1
2552,ERNST WHNCKE,1
2553,J. WRAY CLEVELAND,1
2554,NELSON B. SIMON,1
2555,EDWARD O. STANLEY,1
2556,J.W. SHEPARD,1
2557,JULIEN T. DAVIES,1
2558,WILLIAM J. EASTON,1
2559,BENJAMIN D. HICKS,1
2560,JAMES D. LYNCH,1
2561,CHARLES MATLACK,1
2562,FREDERICK POTTER,1
2563,CHARLES RICHARDSON,1
2564,ELLIS D. WILLIAMS,1
2565,LOUIS WINDMULLER,1
2566,WILLIAM H. LEUPP,1
2567,RAYMOND J. CHATRY,1
2568,THOMAS C. CLARKE,1
2569,ALBERT L. BANISTER,1
2570,W. HUNT HALL,1
2571,LAWRENCE O. MURRAY,1
2572,GEORGE BLUMENTHAL,1
2573,GEORGE C. BOLDT,1
2574,W.A. CLARK,1
2575,S.C.T. DODD,1
2576,JAMES M. McDONALD,1
2577,JOHN W. GRIGGS,1
2578,C.I. HUDSON,1
2579,PHILLIP LEHMAN,1
2580,EMERSON McMILLIN,1
2581,SAMUEL A. MAXWELL,1
2582,HENRY S. REDMOND,1
2583,JESSE SPALDING,1
2584,DANIEL LEROY DRESSER,1
2585,ALEXANDER GREIG,1
2586,"THOMAS C. CLARK, JR.",1
2587,W.D. BALDWIN,1
2588,CHARLES F. BROOKER,1
2589,JAMES H. ECKELS,1
2590,THOMAS F. GOODRICH,1
2591,ERASTUS C. KNIGHT,1
2592,CHARLES D. MARVIN,1
2593,BALLARD McCALL,1
2594,JOHN M. PARKER,1
2595,TOM RANDOLPH,1
2596,HENRY C. ROUSE,1
2597,HERBERT L. SATTERLEE,1
2598,H. WAVERLY SMITH,1
2599,CHARLES W. WETMORE,1
2600,EDWARDS WHITAKER,1
2601,DANIEL C. WING,1
2602,THOMAS F. GILROY,1
2603,FRANK B. FRENCH,1
2604,THEODORE DIETERLEN,1
2605,JOSEPH B. KAISER,1
2606,WILLIAM T. PURDY,1
2607,DAVID RUTSKY,1
2608,THOMAS SIMPSON,1
2609,A.H.W. VAN SICKLEN,1
2610,JOHN V. JEWELL,1
2611,J.K. ALEXANDER,1
2612,H.F. GUNNISON,1
2613,E.P. HICKOK,1
2614,ADOLPH KIENDL,1
2615,NICHOLAS RAPELJE,1
2616,WILLIAM S. BECKLEY,1
2617,ALFRED E. FOUNTAIN,1
2618,DAVID B. SICKELS,1
2619,JAMES E. WELLS,1
2620,STEPHEN M. GRISWOLD,1
2621,JAMES McLAREN,1
2622,H.J. STRAUKAMP,1
2623,JAMES T. ASHLEY,1
2624,KENNETH A. SOUTHWORTH,1
2625,JOHN A. BLISS,1
2626,LOUIS BONERT,1
2627,FREDERICK D. COLCORD,1
2628,SAMUEL DEAN,1
2629,PHILLIP H. GILL,1
2630,AUGUST H. GUTKES,1
2631,WILLIAM J. HAZLEWOOD,1
2632,STEPHEN M. HOYE,1
2633,WILLIAM LOCKITT,1
2634,GUSTAV S. SEABORG,1
2635,CHARLES E. SPRAGUE,1
2636,ALEXANDER P.W. KINAN,1
2637,FREDERICK H. ECKER,1
2638,FRANCIS M. LEAKE,1
2639,GEORGE N. BIRDSALL,1
2640,WILLIAM H. LOCKE,1
2641,"C.N. BOVEE, JR.",1
2642,NICHOLAS BREWER,1
2644,ABRAM C. DE GRAW,1
2645,CHARLES G. DOBBS,1
2646,STEPHEN J. GEOGHEGAN,1
2647,JAMES S. HERRMAN,1
2648,WILLIAM G. ROSS,1
2649,FREDERICK WAGNER,1
2650,JACOB W. SCHEU,1
2651,LOUIS A. FAHS,1
2652,HENRY BISCHOFF,1
2653,"HENRY BISCHOFF, JR.",1
2654,HENRY BREUNICH,1
2655,HENRY F. BRUNING,1
2656,MARVIN S. BUTTLES,1
2657,GEORGE W. CORNELL,1
2658,BRUNO DIAZ,1
2659,ADAM FAHS,1
2660,SAMUEL D. FOLSOM,1
2661,CHARLES OTTMANN,1
2662,LOUIS C. RAEGENER,1
2663,HERMAN H. RIES,1
2664,R. RODRIGUEZ,1
2665,NICHOLAS SCHULTZ,1
2666,JACOB SIEGEL,1
2667,"GEORGE H. STONEBRIDGE, JR.",1
2668,ADAM WEBER,1
2669,CORNELIUS D. WOOD,1
2670,JOHN V.B. THAYER,1
2671,E.R. MERRITT,1
2672,CARROLL C. RAWLINGS,1
2673,GEORGE B. CARHART,1
2674,WILLIAM ALEXANDER DUER,1
2675,CHARLES H. LEYLAND,1
2676,ALEXANDER MAITLAND,1
2677,JAMES H. OGILVIE,1
2678,AMASA J. PARKER,1
2679,N. PARKER SHORTRIDGE,1
2680,CHARLES H. TWEED,1
2681,E.B. WESLEY,1
2683,HENRY W. GENNERICH,1
2684,CHARLES F. HOLM,1
2685,HENRY VON MINDEN,1
2686,W.W. WARNER,1
2687,HENRY C. STRAHMANN,1
2688,CHRISTOPHER F. BODE,1
2689,CHRISTIAN F. GENNERICH,1
2690,JOHN GERKEN,1
2691,WILLIAM F. HENCKEN,1
2692,FRANK B. McDONALD,1
2693,WILLIAM P. RINCKHOFF,1
2694,JACOB RUPERT,1
2695,CLIFFORD THOMSON,1
2696,WILLIAM VOLK,1
2697,ARTHUR TURNBULL,1
2698,WILLIAM P. ELLIOT,1
2699,RICHARD M. HURD,1
2700,CLARK WILLIAMS,1
2701,CALVERT BREWER,1
2702,FREDERICK O. BARTON,1
2703,ROBERT A. GRANNISS,1
2704,"GEORGE G. HAVEN, JR.",1
2705,WILLIAM B. LEEDS,1
2706,CHARLES M. PRATT,1
2707,CONSTANT A. ANDREWS,1
2708,JOHN JARDINE,1
2709,JOSEPH B. BLOOMINGDALE,1
2710,ALFRED E. MARLING,1
2711,JOHN HYSLOP,1
2712,RICHARD A. ANTHONY,1
2713,SIMON BORG,1
2714,JAMES A. FRAME,1
2715,FREDERIC N. GODDARD,1
2716,S.O. LIVINGSTON,1
2717,PAYSON MERRILL,1
2718,GEORGE A. MIDDLEBROOK,1
2719,CORNELIUS O'REILLY,1
2720,NOAH C. ROGERS,1
2721,LYMAN J. GAGE,1
2722,JAMES S. CLARK,1
2723,HENRY L. THORNELL,1
2724,LOUIS G. HAMPTON,1
2725,EDWARD COOPER,1
2726,JOHN J. PHELPS,1
2727,CHARLES S. SMITH,1
2728,ANSON PHELPS STOKES,1
2729,DANIEL E. SICKLES,1
2730,R.S. MASTERTON,1
2731,W.F. BRAINARD,1
2732,L.W. LAWRENCE,1
2733,ANDREW LINN,1
2734,E.C. LINN,1
2735,CHARLES MERRIMAN,1
2736,RICHARD PICKERING,1
2737,JOHN T. SPROULL,1
2738,J. MAUS SCHERMERHORN,1
2739,ADDISON H. DAY,1
2740,MAX MARKEL,1
2741,HENRY E. HOWLAND,1
2742,THEODORE M. IVES,1
2743,CHARLES M. ENGLIS,1
2744,JOSEPH B. PIGOT,1
2745,BENJAMIN F. BLAIR,1
2746,I.M. BON,1
2747,CHARLES E. DINGEE,1
2748,JOHN H. HOEFT,1
2749,JESSE JOHNSON,1
2750,HERMANN LINS,1
2751,EDWIN LUDLAM,1
2752,FRANK RUDD,1
2753,W. OSCAR SHADBOLT,1
2754,JOHN BAMBEY,1
2755,CHARLES F. MINOR,1
2756,JOHN J. BARRY,1
2757,WILLIAM R. BEAL,1
2758,WILLIAM HAIGH,1
2759,JOSEPH LIEBERTZ,1
2760,J.H. PARKER,1
2761,WILLIAM H. ZEITNER,1
2762,GEORGE C. THOMAS,1
2763,PATRICK S. TREACY,1
2764,WALTER B. ATTERBURY,1
2765,L.A. CHENEY,1
2766,WILLIAM E. DILLER,1
2767,HARRIE A. JAMES,1
2768,THOMAS F. MURPHY,1
2769,CHARLES NEUENDORFFER,1
2770,RALPH WALDO,1
2771,CASSIUS M. WICKER,1
2772,HENRY C. WILCOX,1
2773,WILLIAM P. YOUNGS,1
2774,DAVID M. MORRISON,1
2775,CHARLES F. CLARK,1
2776,GEORGE AUSTIN MORRISON,1
2777,FRANCIS H. PAGE,1
2778,H.F. PRICE,1
2779,M.S. LOTT,1
2780,J. FREDERICK CHAMBERLIN,1
2781,CHARLES F. CUTLER,1
2782,H.J.S. HALL,1
2783,CARL SCHEFER,1
2784,SETH E. THOMAS,1
2785,WILLIAM WHITING,1
2786,HOMER S. KING,1
2787,A.W. ZIMMERMANN,1
2788,JAMES B. ARTHUR,1
2789,DUDLEY EVANS,1
2790,JOSEPH C. GOTHWAITE,1
2791,W.R. HUNTINGTON,1
2792,WILLIAM A. JENNINGS,1
2793,HARRY E. MANCHESTER,1
2794,WILLIAM V. NEVINS,1
2795,EMORY A. STEDMAN,1
2796,ALPHONSE W. ZIMMERMANN,1
2797,FREDERICK K. KELLER,1
2798,THEODORE M. BERTINE,1
2799,FREDERICK BECK,1
2800,JOSEPH EASTMAN,1
2801,MAYER EISEMANN,1
2802,AUGUST FINCK,1
2803,GEORGE KARSCH,1
2804,A.W. MILLER,1
2805,W. EDGAR PRUDEN,1
2806,JOSEPH STERN,1
2807,STEPHEN G. COOK,1
2808,JOHN S. SCULLY,1
2809,JOHN CAVAGNARO,1
2810,JOHN H. HUDSON,1
2811,JOHN J.V. BURKE,1
2812,DAVID McCLURE,1
2813,CLARENCE O. BIGELOW,1
2814,WALTER V. BISHOP,1
2815,JOHN J. BROGAN,1
2816,JOHN C. CARPENTER,1
2817,WILLIAM L. CARRIGAN,1
2818,JOHN H. DORN,1
2819,CHARLES E. DUROSS,1
2820,JAMES H. FOLAN,1
2821,JOHN HASSALL,1
2822,JAMES B. HORNER,1
2823,ERNEST A.G. INTEMANN,1
2824,WASHINGTON L. JAQUES,1
2825,HARRY L. JOYCE,1
2826,SAMUEL M. JOHNSON,1
2827,PATRICK F. McGOWAN,1
2828,GEORGE E. MARKS,1
2829,SAMUEL H. PAULDING,1
2830,CLARENCE J. RAMSEY,1
2831,JOSEPH ROWAN,1
2832,F. LEROY SATTERLEE,1
2833,DAN H. SMITH,1
2834,WALTER STABLER,1
2835,ALBER ELDRIDGE STRATTON,1
2836,CHARLES H. VAN AKEN,1
2837,NELSON S. WESTCOTT,1
2838,JOHN HOAG,1
2839,FRANCIS M. CARPENTER,1
2840,HOWARD WILLETS,1
2841,CHARLES P. MARSDEN,1
2842,RICHARD H. BURDSALL,1
2843,EDWARD F. HILL,1
2844,EDSON LEWIS,1
2845,RICHARD P. LOUNSBERY,1
2846,ISAAC W. MCCLAY,1
2847,DANIEL S. REMSEN,1
2848,HENRY SIDENBERG,1
2849,WILLIAM SLOANE,1
2850,MOSES TAYLOR,1
2851,ROBERT B. VAN CORTALNDT,1
2852,W.L. MOYER,1
2853,H.A. SMITH,1
2854,C.L. ROBINSON,1
2855,JUAN M. CEBALLOS,1
2856,"WILLIAM N. COLER, JR.",1
2857,JOHN F. DRYDEN,1
2858,MARTIN ERDMANN,1
2859,DAVID H. MOFFAT,1
2860,JAMES H. PARKER,1
2861,SIDNEY F. TYLER,1
2862,JEREMIAH V. MESEROLE,1
2863,WILLIAM E. FORWILL,1
2864,SAMUEL M. MEEKER,1
2865,WILLIAM F. BURNS,1
2866,CHARLES J. PASFIELD,1
2867,JAMES F. BENDERNAGLE,1
2868,ABRAM COOKE,1
2870,JAMES R. HOWE,1
2871,BRAINARD G. LATIMER,1
2872,HENRY U. PALMER,1
2873,PETER WYCKOFF,1
2874,W. ADDISON FIELD,1
2875,T.H. McFARLAND,1
2876,IRA LEO BAMBERGER,1
2877,CHARLES M. DAVIDSON,1
2878,GUSTAV J.L. DOERSCHUCK,1
2879,CHARLES ENGERT,1
2880,FANK HARVEY FIELD,1
2881,FREDERICK G. LEMMERMANN,1
2882,JOSEPH LIEBMANN,1
2883,THOMAS J. PATTERSON,1
2884,WILLARD P. REID,1
2885,SIMON F. ROTHSCHILD,1
2886,ROBERT T. WHALEN,1
2887,EMIL UNGER,1
2888,RICHARD H. ADAMS,1
2889,E.B. AMEND,1
2890,CHARLES C. CLAUSEN,1
2891,HENRY DIEDEL,1
2892,JULIUS A. MAY,1
2893,HENRY F. POGGENBURG,1
2894,"JACOB RUPERT, JR.",1
2895,JACOB SCHLOSSER,1
2896,LEOPOLD SCHMID,1
2897,LOUIS VON BERNUTH,1
2898,MOSES WEINMAN,1
2899,A.P. AVERY,1
2900,LOUIS G. BURGER,1
2901,E.E. BUNCE,1
2902,EDWARD BUSH,1
2903,ANSEL L. FREEMAN,1
2904,FREDERICK H. NARWOOD,1
2905,HENRY SCHADE,1
2906,GEORGE W. SCHAEDLE,1
2907,JACOB H. SCHIFF,1
2908,WALTER E. FREW,1
2909,CHRISTIAN FRIEDMANN,1
2910,ADOLPH GOEPEL,1
2911,EDWARD L. GRAEF,1
2912,J.C. HACKER,1
2913,JOHN F. HILDEBRAND,1
2914,ADOLPH JAHN,1
2915,GUSTAVE A. JAHN,1
2916,RICHARD KNY,1
2917,P.J. KORNDER,1
2918,AUGUSTUS KURTH,1
2919,JULIUS LEHRENKRAUSS,1
2920,HERMAN LINS,1
2921,J.B.M. GROSVENOR,1
2922,FRANCIS H. LEGGETT,1
2923,EDWARD OOTHOUT,1
2924,W.J. BURNETT,1
2925,H.M. THOMAS,1
2926,C.W. HALLETT,1
2927,J.H. SMEDLEY,1
2928,L.P. DEXTER,1
2929,D.S. JONES,1
2930,"BENJAMIN MOORE, JR.",1
2931,A.T. PAYNE,1
2932,W.H. SLEBRECHT,1
2933,C.A. THOMPSON,1
2934,G.W. WILLIAMS,1
2935,JOSEPH W. HARRIMAN,1
